"id_presupuesto_mensual","mes_regular_dinero","razon_uso","descripcion","monto_presupuesto","tipo_razon_uso","periodo_mes"
1,2015-04-01,DINERO,descripcion_presupuesto_1,-6.0,dinero,201504
1,2015-05-01,DINERO,descripcion_presupuesto_1,-6.0,dinero,201505
1,2015-06-01,DINERO,descripcion_presupuesto_1,-6.0,dinero,201506
1,2015-07-01,DINERO,descripcion_presupuesto_1,-6.0,dinero,201507
1,2015-08-01,DINERO,descripcion_presupuesto_1,-6.0,dinero,201508
1,2015-09-01,DINERO,descripcion_presupuesto_1,-6.0,dinero,201509
1,2015-10-01,DINERO,descripcion_presupuesto_1,-6.0,dinero,201510
1,2015-11-01,DINERO,descripcion_presupuesto_1,-6.0,dinero,201511
1,2015-12-01,DINERO,descripcion_presupuesto_1,-6.0,dinero,201512
2,2015-04-01,LIBRE,descripcion_presupuesto_2,-28206.0,regular,201504
2,2015-05-01,LIBRE,descripcion_presupuesto_2,-28206.0,regular,201505
2,2015-06-01,LIBRE,descripcion_presupuesto_2,-28206.0,regular,201506
2,2015-07-01,LIBRE,descripcion_presupuesto_2,-28206.0,regular,201507
2,2015-08-01,LIBRE,descripcion_presupuesto_2,-28206.0,regular,201508
2,2015-09-01,LIBRE,descripcion_presupuesto_2,-28206.0,regular,201509
2,2015-10-01,LIBRE,descripcion_presupuesto_2,-28206.0,regular,201510
2,2015-11-01,LIBRE,descripcion_presupuesto_2,-28206.0,regular,201511
2,2015-12-01,LIBRE,descripcion_presupuesto_2,-28206.0,regular,201512
3,2015-04-01,NECESIDAD,descripcion_presupuesto_3,-37371.0,regular,201504
3,2015-05-01,NECESIDAD,descripcion_presupuesto_3,-37371.0,regular,201505
3,2015-06-01,NECESIDAD,descripcion_presupuesto_3,-37371.0,regular,201506
3,2015-07-01,NECESIDAD,descripcion_presupuesto_3,-37371.0,regular,201507
3,2015-08-01,NECESIDAD,descripcion_presupuesto_3,-37371.0,regular,201508
3,2015-09-01,NECESIDAD,descripcion_presupuesto_3,-37371.0,regular,201509
3,2015-10-01,NECESIDAD,descripcion_presupuesto_3,-37371.0,regular,201510
3,2015-11-01,NECESIDAD,descripcion_presupuesto_3,-37371.0,regular,201511
3,2015-12-01,NECESIDAD,descripcion_presupuesto_3,-37371.0,regular,201512
4,2015-04-01,RECREACION,descripcion_presupuesto_4,-63456.0,regular,201504
4,2015-05-01,RECREACION,descripcion_presupuesto_4,-63456.0,regular,201505
4,2015-06-01,RECREACION,descripcion_presupuesto_4,-63456.0,regular,201506
4,2015-07-01,RECREACION,descripcion_presupuesto_4,-63456.0,regular,201507
4,2015-08-01,RECREACION,descripcion_presupuesto_4,-63456.0,regular,201508
4,2015-09-01,RECREACION,descripcion_presupuesto_4,-63456.0,regular,201509
4,2015-10-01,RECREACION,descripcion_presupuesto_4,-63456.0,regular,201510
4,2015-11-01,RECREACION,descripcion_presupuesto_4,-63456.0,regular,201511
4,2015-12-01,RECREACION,descripcion_presupuesto_4,-63456.0,regular,201512
5,2015-04-01,SUSCRIPCION,descripcion_presupuesto_5,-7056.0,regular,201504
5,2015-05-01,SUSCRIPCION,descripcion_presupuesto_5,-7056.0,regular,201505
5,2015-06-01,SUSCRIPCION,descripcion_presupuesto_5,-7056.0,regular,201506
5,2015-07-01,SUSCRIPCION,descripcion_presupuesto_5,-7056.0,regular,201507
5,2015-08-01,SUSCRIPCION,descripcion_presupuesto_5,-7056.0,regular,201508
5,2015-09-01,SUSCRIPCION,descripcion_presupuesto_5,-7056.0,regular,201509
5,2015-10-01,SUSCRIPCION,descripcion_presupuesto_5,-7056.0,regular,201510
5,2015-11-01,SUSCRIPCION,descripcion_presupuesto_5,-7056.0,regular,201511
5,2015-12-01,SUSCRIPCION,descripcion_presupuesto_5,-7056.0,regular,201512
7,2015-04-01,TRANSPORTE,descripcion_presupuesto_7,-51471.0,regular,201504
7,2015-05-01,TRANSPORTE,descripcion_presupuesto_7,-51471.0,regular,201505
7,2015-06-01,TRANSPORTE,descripcion_presupuesto_7,-51471.0,regular,201506
7,2015-07-01,TRANSPORTE,descripcion_presupuesto_7,-51471.0,regular,201507
7,2015-08-01,TRANSPORTE,descripcion_presupuesto_7,-51471.0,regular,201508
7,2015-09-01,TRANSPORTE,descripcion_presupuesto_7,-51471.0,regular,201509
7,2015-10-01,TRANSPORTE,descripcion_presupuesto_7,-51471.0,regular,201510
7,2015-11-01,TRANSPORTE,descripcion_presupuesto_7,-51471.0,regular,201511
7,2015-12-01,TRANSPORTE,descripcion_presupuesto_7,-51471.0,regular,201512
25,2016-01-01,DINERO,descripcion_presupuesto_25,-6.0,dinero,201601
25,2016-02-01,DINERO,descripcion_presupuesto_25,-6.0,dinero,201602
25,2016-03-01,DINERO,descripcion_presupuesto_25,-6.0,dinero,201603
25,2016-04-01,DINERO,descripcion_presupuesto_25,-6.0,dinero,201604
25,2016-05-01,DINERO,descripcion_presupuesto_25,-6.0,dinero,201605
25,2016-06-01,DINERO,descripcion_presupuesto_25,-6.0,dinero,201606
25,2016-07-01,DINERO,descripcion_presupuesto_25,-6.0,dinero,201607
25,2016-08-01,DINERO,descripcion_presupuesto_25,-6.0,dinero,201608
25,2016-09-01,DINERO,descripcion_presupuesto_25,-6.0,dinero,201609
25,2016-10-01,DINERO,descripcion_presupuesto_25,-6.0,dinero,201610
25,2016-11-01,DINERO,descripcion_presupuesto_25,-6.0,dinero,201611
25,2016-12-01,DINERO,descripcion_presupuesto_25,-6.0,dinero,201612
26,2016-01-01,LIBRE,descripcion_presupuesto_26,-52881.0,regular,201601
26,2016-02-01,LIBRE,descripcion_presupuesto_26,-52881.0,regular,201602
26,2016-03-01,LIBRE,descripcion_presupuesto_26,-52881.0,regular,201603
26,2016-04-01,LIBRE,descripcion_presupuesto_26,-52881.0,regular,201604
26,2016-05-01,LIBRE,descripcion_presupuesto_26,-52881.0,regular,201605
26,2016-06-01,LIBRE,descripcion_presupuesto_26,-52881.0,regular,201606
26,2016-07-01,LIBRE,descripcion_presupuesto_26,-52881.0,regular,201607
26,2016-08-01,LIBRE,descripcion_presupuesto_26,-52881.0,regular,201608
26,2016-09-01,LIBRE,descripcion_presupuesto_26,-52881.0,regular,201609
26,2016-10-01,LIBRE,descripcion_presupuesto_26,-52881.0,regular,201610
26,2016-11-01,LIBRE,descripcion_presupuesto_26,-52881.0,regular,201611
26,2016-12-01,LIBRE,descripcion_presupuesto_26,-52881.0,regular,201612
27,2016-01-01,NECESIDAD,descripcion_presupuesto_27,-56406.0,regular,201601
27,2016-02-01,NECESIDAD,descripcion_presupuesto_27,-56406.0,regular,201602
27,2016-03-01,NECESIDAD,descripcion_presupuesto_27,-56406.0,regular,201603
27,2016-04-01,NECESIDAD,descripcion_presupuesto_27,-56406.0,regular,201604
27,2016-05-01,NECESIDAD,descripcion_presupuesto_27,-56406.0,regular,201605
27,2016-06-01,NECESIDAD,descripcion_presupuesto_27,-56406.0,regular,201606
27,2016-07-01,NECESIDAD,descripcion_presupuesto_27,-56406.0,regular,201607
27,2016-08-01,NECESIDAD,descripcion_presupuesto_27,-56406.0,regular,201608
27,2016-09-01,NECESIDAD,descripcion_presupuesto_27,-56406.0,regular,201609
27,2016-10-01,NECESIDAD,descripcion_presupuesto_27,-56406.0,regular,201610
27,2016-11-01,NECESIDAD,descripcion_presupuesto_27,-56406.0,regular,201611
27,2016-12-01,NECESIDAD,descripcion_presupuesto_27,-56406.0,regular,201612
28,2016-01-01,RECREACION,descripcion_presupuesto_28,-109281.0,regular,201601
28,2016-02-01,RECREACION,descripcion_presupuesto_28,-109281.0,regular,201602
28,2016-03-01,RECREACION,descripcion_presupuesto_28,-109281.0,regular,201603
28,2016-04-01,RECREACION,descripcion_presupuesto_28,-109281.0,regular,201604
28,2016-05-01,RECREACION,descripcion_presupuesto_28,-109281.0,regular,201605
28,2016-06-01,RECREACION,descripcion_presupuesto_28,-109281.0,regular,201606
28,2016-07-01,RECREACION,descripcion_presupuesto_28,-109281.0,regular,201607
28,2016-08-01,RECREACION,descripcion_presupuesto_28,-109281.0,regular,201608
28,2016-09-01,RECREACION,descripcion_presupuesto_28,-109281.0,regular,201609
28,2016-10-01,RECREACION,descripcion_presupuesto_28,-109281.0,regular,201610
28,2016-11-01,RECREACION,descripcion_presupuesto_28,-109281.0,regular,201611
28,2016-12-01,RECREACION,descripcion_presupuesto_28,-109281.0,regular,201612
29,2016-01-01,SUSCRIPCION,descripcion_presupuesto_29,-31731.0,regular,201601
29,2016-02-01,SUSCRIPCION,descripcion_presupuesto_29,-31731.0,regular,201602
29,2016-03-01,SUSCRIPCION,descripcion_presupuesto_29,-31731.0,regular,201603
29,2016-04-01,SUSCRIPCION,descripcion_presupuesto_29,-31731.0,regular,201604
29,2016-05-01,SUSCRIPCION,descripcion_presupuesto_29,-31731.0,regular,201605
29,2016-06-01,SUSCRIPCION,descripcion_presupuesto_29,-31731.0,regular,201606
29,2016-07-01,SUSCRIPCION,descripcion_presupuesto_29,-31731.0,regular,201607
29,2016-08-01,SUSCRIPCION,descripcion_presupuesto_29,-31731.0,regular,201608
29,2016-09-01,SUSCRIPCION,descripcion_presupuesto_29,-31731.0,regular,201609
29,2016-10-01,SUSCRIPCION,descripcion_presupuesto_29,-31731.0,regular,201610
29,2016-11-01,SUSCRIPCION,descripcion_presupuesto_29,-31731.0,regular,201611
29,2016-12-01,SUSCRIPCION,descripcion_presupuesto_29,-31731.0,regular,201612
31,2016-01-01,TRANSPORTE,descripcion_presupuesto_31,-63456.0,regular,201601
31,2016-02-01,TRANSPORTE,descripcion_presupuesto_31,-63456.0,regular,201602
31,2016-03-01,TRANSPORTE,descripcion_presupuesto_31,-63456.0,regular,201603
31,2016-04-01,TRANSPORTE,descripcion_presupuesto_31,-63456.0,regular,201604
31,2016-05-01,TRANSPORTE,descripcion_presupuesto_31,-63456.0,regular,201605
31,2016-06-01,TRANSPORTE,descripcion_presupuesto_31,-63456.0,regular,201606
31,2016-07-01,TRANSPORTE,descripcion_presupuesto_31,-63456.0,regular,201607
31,2016-08-01,TRANSPORTE,descripcion_presupuesto_31,-63456.0,regular,201608
31,2016-09-01,TRANSPORTE,descripcion_presupuesto_31,-63456.0,regular,201609
31,2016-10-01,TRANSPORTE,descripcion_presupuesto_31,-63456.0,regular,201610
31,2016-11-01,TRANSPORTE,descripcion_presupuesto_31,-63456.0,regular,201611
31,2016-12-01,TRANSPORTE,descripcion_presupuesto_31,-63456.0,regular,201612
61,2017-01-01,DINERO,descripcion_presupuesto_61,-6.0,dinero,201701
61,2017-02-01,DINERO,descripcion_presupuesto_61,-6.0,dinero,201702
61,2017-03-01,DINERO,descripcion_presupuesto_61,-6.0,dinero,201703
61,2017-04-01,DINERO,descripcion_presupuesto_61,-6.0,dinero,201704
61,2017-05-01,DINERO,descripcion_presupuesto_61,-6.0,dinero,201705
61,2017-06-01,DINERO,descripcion_presupuesto_61,-6.0,dinero,201706
61,2017-07-01,DINERO,descripcion_presupuesto_61,-6.0,dinero,201707
61,2017-08-01,DINERO,descripcion_presupuesto_61,-6.0,dinero,201708
61,2017-09-01,DINERO,descripcion_presupuesto_61,-6.0,dinero,201709
61,2017-10-01,DINERO,descripcion_presupuesto_61,-6.0,dinero,201710
61,2017-11-01,DINERO,descripcion_presupuesto_61,-6.0,dinero,201711
61,2017-12-01,DINERO,descripcion_presupuesto_61,-6.0,dinero,201712
62,2017-01-01,LIBRE,descripcion_presupuesto_62,-35256.0,regular,201701
62,2017-02-01,LIBRE,descripcion_presupuesto_62,-35256.0,regular,201702
62,2017-03-01,LIBRE,descripcion_presupuesto_62,-35256.0,regular,201703
62,2017-04-01,LIBRE,descripcion_presupuesto_62,-35256.0,regular,201704
62,2017-05-01,LIBRE,descripcion_presupuesto_62,-35256.0,regular,201705
62,2017-06-01,LIBRE,descripcion_presupuesto_62,-35256.0,regular,201706
62,2017-07-01,LIBRE,descripcion_presupuesto_62,-35256.0,regular,201707
62,2017-08-01,LIBRE,descripcion_presupuesto_62,-35256.0,regular,201708
62,2017-09-01,LIBRE,descripcion_presupuesto_62,-35256.0,regular,201709
62,2017-10-01,LIBRE,descripcion_presupuesto_62,-35256.0,regular,201710
62,2017-11-01,LIBRE,descripcion_presupuesto_62,-35256.0,regular,201711
62,2017-12-01,LIBRE,descripcion_presupuesto_62,-35256.0,regular,201712
63,2017-01-01,NECESIDAD,descripcion_presupuesto_63,-84606.0,regular,201701
63,2017-02-01,NECESIDAD,descripcion_presupuesto_63,-84606.0,regular,201702
63,2017-03-01,NECESIDAD,descripcion_presupuesto_63,-84606.0,regular,201703
63,2017-04-01,NECESIDAD,descripcion_presupuesto_63,-84606.0,regular,201704
63,2017-05-01,NECESIDAD,descripcion_presupuesto_63,-84606.0,regular,201705
63,2017-06-01,NECESIDAD,descripcion_presupuesto_63,-84606.0,regular,201706
63,2017-07-01,NECESIDAD,descripcion_presupuesto_63,-84606.0,regular,201707
63,2017-08-01,NECESIDAD,descripcion_presupuesto_63,-84606.0,regular,201708
63,2017-09-01,NECESIDAD,descripcion_presupuesto_63,-84606.0,regular,201709
63,2017-10-01,NECESIDAD,descripcion_presupuesto_63,-84606.0,regular,201710
63,2017-11-01,NECESIDAD,descripcion_presupuesto_63,-84606.0,regular,201711
63,2017-12-01,NECESIDAD,descripcion_presupuesto_63,-84606.0,regular,201712
64,2017-01-01,RECREACION,descripcion_presupuesto_64,-91656.0,regular,201701
64,2017-02-01,RECREACION,descripcion_presupuesto_64,-91656.0,regular,201702
64,2017-03-01,RECREACION,descripcion_presupuesto_64,-91656.0,regular,201703
64,2017-04-01,RECREACION,descripcion_presupuesto_64,-91656.0,regular,201704
64,2017-05-01,RECREACION,descripcion_presupuesto_64,-91656.0,regular,201705
64,2017-06-01,RECREACION,descripcion_presupuesto_64,-91656.0,regular,201706
64,2017-07-01,RECREACION,descripcion_presupuesto_64,-91656.0,regular,201707
64,2017-08-01,RECREACION,descripcion_presupuesto_64,-91656.0,regular,201708
64,2017-09-01,RECREACION,descripcion_presupuesto_64,-91656.0,regular,201709
64,2017-10-01,RECREACION,descripcion_presupuesto_64,-91656.0,regular,201710
64,2017-11-01,RECREACION,descripcion_presupuesto_64,-91656.0,regular,201711
64,2017-12-01,RECREACION,descripcion_presupuesto_64,-91656.0,regular,201712
65,2017-01-01,SUSCRIPCION,descripcion_presupuesto_65,-28206.0,regular,201701
65,2017-02-01,SUSCRIPCION,descripcion_presupuesto_65,-28206.0,regular,201702
65,2017-03-01,SUSCRIPCION,descripcion_presupuesto_65,-28206.0,regular,201703
65,2017-04-01,SUSCRIPCION,descripcion_presupuesto_65,-28206.0,regular,201704
65,2017-05-01,SUSCRIPCION,descripcion_presupuesto_65,-28206.0,regular,201705
65,2017-06-01,SUSCRIPCION,descripcion_presupuesto_65,-28206.0,regular,201706
65,2017-07-01,SUSCRIPCION,descripcion_presupuesto_65,-28206.0,regular,201707
65,2017-08-01,SUSCRIPCION,descripcion_presupuesto_65,-28206.0,regular,201708
65,2017-09-01,SUSCRIPCION,descripcion_presupuesto_65,-28206.0,regular,201709
65,2017-10-01,SUSCRIPCION,descripcion_presupuesto_65,-28206.0,regular,201710
65,2017-11-01,SUSCRIPCION,descripcion_presupuesto_65,-28206.0,regular,201711
65,2017-12-01,SUSCRIPCION,descripcion_presupuesto_65,-28206.0,regular,201712
67,2017-01-01,TRANSPORTE,descripcion_presupuesto_67,-98706.0,regular,201701
67,2017-02-01,TRANSPORTE,descripcion_presupuesto_67,-98706.0,regular,201702
67,2017-03-01,TRANSPORTE,descripcion_presupuesto_67,-98706.0,regular,201703
67,2017-04-01,TRANSPORTE,descripcion_presupuesto_67,-98706.0,regular,201704
67,2017-05-01,TRANSPORTE,descripcion_presupuesto_67,-98706.0,regular,201705
67,2017-06-01,TRANSPORTE,descripcion_presupuesto_67,-98706.0,regular,201706
67,2017-07-01,TRANSPORTE,descripcion_presupuesto_67,-98706.0,regular,201707
67,2017-08-01,TRANSPORTE,descripcion_presupuesto_67,-98706.0,regular,201708
67,2017-09-01,TRANSPORTE,descripcion_presupuesto_67,-98706.0,regular,201709
67,2017-10-01,TRANSPORTE,descripcion_presupuesto_67,-98706.0,regular,201710
67,2017-11-01,TRANSPORTE,descripcion_presupuesto_67,-98706.0,regular,201711
67,2017-12-01,TRANSPORTE,descripcion_presupuesto_67,-98706.0,regular,201712
108,2018-01-01,DINERO,descripcion_presupuesto_108,-6.0,dinero,201801
108,2018-02-01,DINERO,descripcion_presupuesto_108,-6.0,dinero,201802
108,2018-03-01,DINERO,descripcion_presupuesto_108,-6.0,dinero,201803
108,2018-04-01,DINERO,descripcion_presupuesto_108,-6.0,dinero,201804
108,2018-05-01,DINERO,descripcion_presupuesto_108,-6.0,dinero,201805
108,2018-06-01,DINERO,descripcion_presupuesto_108,-6.0,dinero,201806
108,2018-07-01,DINERO,descripcion_presupuesto_108,-6.0,dinero,201807
108,2018-08-01,DINERO,descripcion_presupuesto_108,-6.0,dinero,201808
108,2018-09-01,DINERO,descripcion_presupuesto_108,-6.0,dinero,201809
108,2018-10-01,DINERO,descripcion_presupuesto_108,-6.0,dinero,201810
108,2018-11-01,DINERO,descripcion_presupuesto_108,-6.0,dinero,201811
108,2018-12-01,DINERO,descripcion_presupuesto_108,-6.0,dinero,201812
109,2018-01-01,LIBRE,descripcion_presupuesto_109,-141006.0,regular,201801
109,2018-02-01,LIBRE,descripcion_presupuesto_109,-141006.0,regular,201802
109,2018-03-01,LIBRE,descripcion_presupuesto_109,-141006.0,regular,201803
109,2018-04-01,LIBRE,descripcion_presupuesto_109,-141006.0,regular,201804
109,2018-05-01,LIBRE,descripcion_presupuesto_109,-141006.0,regular,201805
109,2018-06-01,LIBRE,descripcion_presupuesto_109,-141006.0,regular,201806
109,2018-07-01,LIBRE,descripcion_presupuesto_109,-141006.0,regular,201807
109,2018-08-01,LIBRE,descripcion_presupuesto_109,-141006.0,regular,201808
109,2018-09-01,LIBRE,descripcion_presupuesto_109,-141006.0,regular,201809
109,2018-10-01,LIBRE,descripcion_presupuesto_109,-141006.0,regular,201810
109,2018-11-01,LIBRE,descripcion_presupuesto_109,-141006.0,regular,201811
109,2018-12-01,LIBRE,descripcion_presupuesto_109,-141006.0,regular,201812
110,2018-01-01,NECESIDAD,descripcion_presupuesto_110,-84606.0,regular,201801
110,2018-02-01,NECESIDAD,descripcion_presupuesto_110,-84606.0,regular,201802
110,2018-03-01,NECESIDAD,descripcion_presupuesto_110,-84606.0,regular,201803
110,2018-04-01,NECESIDAD,descripcion_presupuesto_110,-84606.0,regular,201804
110,2018-05-01,NECESIDAD,descripcion_presupuesto_110,-84606.0,regular,201805
110,2018-06-01,NECESIDAD,descripcion_presupuesto_110,-84606.0,regular,201806
110,2018-07-01,NECESIDAD,descripcion_presupuesto_110,-84606.0,regular,201807
110,2018-08-01,NECESIDAD,descripcion_presupuesto_110,-84606.0,regular,201808
110,2018-09-01,NECESIDAD,descripcion_presupuesto_110,-84606.0,regular,201809
110,2018-10-01,NECESIDAD,descripcion_presupuesto_110,-84606.0,regular,201810
110,2018-11-01,NECESIDAD,descripcion_presupuesto_110,-84606.0,regular,201811
110,2018-12-01,NECESIDAD,descripcion_presupuesto_110,-84606.0,regular,201812
111,2018-01-01,RECREACION,descripcion_presupuesto_111,-91656.0,regular,201801
111,2018-02-01,RECREACION,descripcion_presupuesto_111,-91656.0,regular,201802
111,2018-03-01,RECREACION,descripcion_presupuesto_111,-91656.0,regular,201803
111,2018-04-01,RECREACION,descripcion_presupuesto_111,-91656.0,regular,201804
111,2018-05-01,RECREACION,descripcion_presupuesto_111,-91656.0,regular,201805
111,2018-06-01,RECREACION,descripcion_presupuesto_111,-91656.0,regular,201806
111,2018-07-01,RECREACION,descripcion_presupuesto_111,-91656.0,regular,201807
111,2018-08-01,RECREACION,descripcion_presupuesto_111,-91656.0,regular,201808
111,2018-09-01,RECREACION,descripcion_presupuesto_111,-91656.0,regular,201809
111,2018-10-01,RECREACION,descripcion_presupuesto_111,-91656.0,regular,201810
111,2018-11-01,RECREACION,descripcion_presupuesto_111,-91656.0,regular,201811
111,2018-12-01,RECREACION,descripcion_presupuesto_111,-91656.0,regular,201812
112,2018-01-01,SUSCRIPCION,descripcion_presupuesto_112,-49285.5,regular,201801
112,2018-02-01,SUSCRIPCION,descripcion_presupuesto_112,-49285.5,regular,201802
112,2018-03-01,SUSCRIPCION,descripcion_presupuesto_112,-49285.5,regular,201803
112,2018-04-01,SUSCRIPCION,descripcion_presupuesto_112,-49285.5,regular,201804
112,2018-05-01,SUSCRIPCION,descripcion_presupuesto_112,-49285.5,regular,201805
112,2018-06-01,SUSCRIPCION,descripcion_presupuesto_112,-49285.5,regular,201806
112,2018-07-01,SUSCRIPCION,descripcion_presupuesto_112,-49285.5,regular,201807
112,2018-08-01,SUSCRIPCION,descripcion_presupuesto_112,-49285.5,regular,201808
112,2018-09-01,SUSCRIPCION,descripcion_presupuesto_112,-49285.5,regular,201809
112,2018-10-01,SUSCRIPCION,descripcion_presupuesto_112,-49285.5,regular,201810
112,2018-11-01,SUSCRIPCION,descripcion_presupuesto_112,-49285.5,regular,201811
112,2018-12-01,SUSCRIPCION,descripcion_presupuesto_112,-49285.5,regular,201812
114,2018-01-01,TRANSPORTE,descripcion_presupuesto_114,-98706.0,regular,201801
114,2018-02-01,TRANSPORTE,descripcion_presupuesto_114,-98706.0,regular,201802
114,2018-03-01,TRANSPORTE,descripcion_presupuesto_114,-98706.0,regular,201803
114,2018-04-01,TRANSPORTE,descripcion_presupuesto_114,-98706.0,regular,201804
114,2018-05-01,TRANSPORTE,descripcion_presupuesto_114,-98706.0,regular,201805
114,2018-06-01,TRANSPORTE,descripcion_presupuesto_114,-98706.0,regular,201806
114,2018-07-01,TRANSPORTE,descripcion_presupuesto_114,-98706.0,regular,201807
114,2018-08-01,TRANSPORTE,descripcion_presupuesto_114,-98706.0,regular,201808
114,2018-09-01,TRANSPORTE,descripcion_presupuesto_114,-98706.0,regular,201809
114,2018-10-01,TRANSPORTE,descripcion_presupuesto_114,-98706.0,regular,201810
114,2018-11-01,TRANSPORTE,descripcion_presupuesto_114,-98706.0,regular,201811
114,2018-12-01,TRANSPORTE,descripcion_presupuesto_114,-98706.0,regular,201812
166,2019-01-01,DINERO,descripcion_presupuesto_166,-6.0,dinero,201901
166,2019-02-01,DINERO,descripcion_presupuesto_166,-6.0,dinero,201902
166,2019-03-01,DINERO,descripcion_presupuesto_166,-6.0,dinero,201903
166,2019-04-01,DINERO,descripcion_presupuesto_166,-6.0,dinero,201904
166,2019-05-01,DINERO,descripcion_presupuesto_166,-6.0,dinero,201905
166,2019-06-01,DINERO,descripcion_presupuesto_166,-6.0,dinero,201906
166,2019-07-01,DINERO,descripcion_presupuesto_166,-6.0,dinero,201907
166,2019-08-01,DINERO,descripcion_presupuesto_166,-6.0,dinero,201908
166,2019-09-01,DINERO,descripcion_presupuesto_166,-6.0,dinero,201909
166,2019-10-01,DINERO,descripcion_presupuesto_166,-6.0,dinero,201910
166,2019-11-01,DINERO,descripcion_presupuesto_166,-6.0,dinero,201911
166,2019-12-01,DINERO,descripcion_presupuesto_166,-6.0,dinero,201912
167,2019-01-01,LIBRE,descripcion_presupuesto_167,-176256.0,regular,201901
167,2019-02-01,LIBRE,descripcion_presupuesto_167,-176256.0,regular,201902
167,2019-03-01,LIBRE,descripcion_presupuesto_167,-176256.0,regular,201903
167,2019-04-01,LIBRE,descripcion_presupuesto_167,-176256.0,regular,201904
167,2019-05-01,LIBRE,descripcion_presupuesto_167,-176256.0,regular,201905
167,2019-06-01,LIBRE,descripcion_presupuesto_167,-176256.0,regular,201906
167,2019-07-01,LIBRE,descripcion_presupuesto_167,-176256.0,regular,201907
167,2019-08-01,LIBRE,descripcion_presupuesto_167,-176256.0,regular,201908
167,2019-09-01,LIBRE,descripcion_presupuesto_167,-176256.0,regular,201909
167,2019-10-01,LIBRE,descripcion_presupuesto_167,-176256.0,regular,201910
167,2019-11-01,LIBRE,descripcion_presupuesto_167,-176256.0,regular,201911
167,2019-12-01,LIBRE,descripcion_presupuesto_167,-176256.0,regular,201912
168,2019-01-01,NECESIDAD,descripcion_presupuesto_168,-112806.0,regular,201901
168,2019-02-01,NECESIDAD,descripcion_presupuesto_168,-112806.0,regular,201902
168,2019-03-01,NECESIDAD,descripcion_presupuesto_168,-112806.0,regular,201903
168,2019-04-01,NECESIDAD,descripcion_presupuesto_168,-112806.0,regular,201904
168,2019-05-01,NECESIDAD,descripcion_presupuesto_168,-112806.0,regular,201905
168,2019-06-01,NECESIDAD,descripcion_presupuesto_168,-112806.0,regular,201906
168,2019-07-01,NECESIDAD,descripcion_presupuesto_168,-112806.0,regular,201907
168,2019-08-01,NECESIDAD,descripcion_presupuesto_168,-112806.0,regular,201908
168,2019-09-01,NECESIDAD,descripcion_presupuesto_168,-112806.0,regular,201909
168,2019-10-01,NECESIDAD,descripcion_presupuesto_168,-112806.0,regular,201910
168,2019-11-01,NECESIDAD,descripcion_presupuesto_168,-112806.0,regular,201911
168,2019-12-01,NECESIDAD,descripcion_presupuesto_168,-112806.0,regular,201912
169,2019-01-01,RECREACION,descripcion_presupuesto_169,-133956.0,regular,201901
169,2019-02-01,RECREACION,descripcion_presupuesto_169,-133956.0,regular,201902
169,2019-03-01,RECREACION,descripcion_presupuesto_169,-133956.0,regular,201903
169,2019-04-01,RECREACION,descripcion_presupuesto_169,-133956.0,regular,201904
169,2019-05-01,RECREACION,descripcion_presupuesto_169,-133956.0,regular,201905
169,2019-06-01,RECREACION,descripcion_presupuesto_169,-133956.0,regular,201906
169,2019-07-01,RECREACION,descripcion_presupuesto_169,-133956.0,regular,201907
169,2019-08-01,RECREACION,descripcion_presupuesto_169,-133956.0,regular,201908
169,2019-09-01,RECREACION,descripcion_presupuesto_169,-133956.0,regular,201909
169,2019-10-01,RECREACION,descripcion_presupuesto_169,-133956.0,regular,201910
169,2019-11-01,RECREACION,descripcion_presupuesto_169,-133956.0,regular,201911
169,2019-12-01,RECREACION,descripcion_presupuesto_169,-133956.0,regular,201912
170,2019-01-01,SUSCRIPCION,descripcion_presupuesto_170,-52915.545,regular,201901
170,2019-02-01,SUSCRIPCION,descripcion_presupuesto_170,-52915.545,regular,201902
170,2019-03-01,SUSCRIPCION,descripcion_presupuesto_170,-52915.545,regular,201903
170,2019-04-01,SUSCRIPCION,descripcion_presupuesto_170,-52915.545,regular,201904
170,2019-05-01,SUSCRIPCION,descripcion_presupuesto_170,-52915.545,regular,201905
170,2019-06-01,SUSCRIPCION,descripcion_presupuesto_170,-52915.545,regular,201906
170,2019-07-01,SUSCRIPCION,descripcion_presupuesto_170,-52915.545,regular,201907
170,2019-08-01,SUSCRIPCION,descripcion_presupuesto_170,-52915.545,regular,201908
170,2019-09-01,SUSCRIPCION,descripcion_presupuesto_170,-52915.545,regular,201909
170,2019-10-01,SUSCRIPCION,descripcion_presupuesto_170,-52915.545,regular,201910
170,2019-11-01,SUSCRIPCION,descripcion_presupuesto_170,-52915.545,regular,201911
170,2019-12-01,SUSCRIPCION,descripcion_presupuesto_170,-52915.545,regular,201912
172,2019-01-01,TRANSPORTE,descripcion_presupuesto_172,-98706.0,regular,201901
172,2019-02-01,TRANSPORTE,descripcion_presupuesto_172,-98706.0,regular,201902
172,2019-03-01,TRANSPORTE,descripcion_presupuesto_172,-98706.0,regular,201903
172,2019-04-01,TRANSPORTE,descripcion_presupuesto_172,-98706.0,regular,201904
172,2019-05-01,TRANSPORTE,descripcion_presupuesto_172,-98706.0,regular,201905
172,2019-06-01,TRANSPORTE,descripcion_presupuesto_172,-98706.0,regular,201906
172,2019-07-01,TRANSPORTE,descripcion_presupuesto_172,-98706.0,regular,201907
172,2019-08-01,TRANSPORTE,descripcion_presupuesto_172,-98706.0,regular,201908
172,2019-09-01,TRANSPORTE,descripcion_presupuesto_172,-98706.0,regular,201909
172,2019-10-01,TRANSPORTE,descripcion_presupuesto_172,-98706.0,regular,201910
172,2019-11-01,TRANSPORTE,descripcion_presupuesto_172,-98706.0,regular,201911
172,2019-12-01,TRANSPORTE,descripcion_presupuesto_172,-98706.0,regular,201912
247,2020-01-01,DINERO,descripcion_presupuesto_247,-6.0,dinero,202001
247,2020-02-01,DINERO,descripcion_presupuesto_247,-6.0,dinero,202002
247,2020-03-01,DINERO,descripcion_presupuesto_247,-6.0,dinero,202003
247,2020-04-01,DINERO,descripcion_presupuesto_247,-6.0,dinero,202004
247,2020-05-01,DINERO,descripcion_presupuesto_247,-6.0,dinero,202005
247,2020-06-01,DINERO,descripcion_presupuesto_247,-6.0,dinero,202006
247,2020-07-01,DINERO,descripcion_presupuesto_247,-6.0,dinero,202007
247,2020-08-01,DINERO,descripcion_presupuesto_247,-6.0,dinero,202008
247,2020-09-01,DINERO,descripcion_presupuesto_247,-6.0,dinero,202009
247,2020-10-01,DINERO,descripcion_presupuesto_247,-6.0,dinero,202010
247,2020-11-01,DINERO,descripcion_presupuesto_247,-6.0,dinero,202011
247,2020-12-01,DINERO,descripcion_presupuesto_247,-6.0,dinero,202012
248,2020-01-01,HOGAR,descripcion_presupuesto_248,-42306.0,regular,202001
248,2020-02-01,HOGAR,descripcion_presupuesto_248,-42306.0,regular,202002
248,2020-03-01,HOGAR,descripcion_presupuesto_248,-42306.0,regular,202003
248,2020-04-01,HOGAR,descripcion_presupuesto_248,-42306.0,regular,202004
248,2020-05-01,HOGAR,descripcion_presupuesto_248,-42306.0,regular,202005
248,2020-06-01,HOGAR,descripcion_presupuesto_248,-42306.0,regular,202006
248,2020-07-01,HOGAR,descripcion_presupuesto_248,-42306.0,regular,202007
248,2020-08-01,HOGAR,descripcion_presupuesto_248,-42306.0,regular,202008
248,2020-09-01,HOGAR,descripcion_presupuesto_248,-42306.0,regular,202009
248,2020-10-01,HOGAR,descripcion_presupuesto_248,-42306.0,regular,202010
248,2020-11-01,HOGAR,descripcion_presupuesto_248,-42306.0,regular,202011
248,2020-12-01,HOGAR,descripcion_presupuesto_248,-42306.0,regular,202012
249,2020-01-01,LIBRE,descripcion_presupuesto_249,-176256.0,regular,202001
249,2020-02-01,LIBRE,descripcion_presupuesto_249,-176256.0,regular,202002
249,2020-03-01,LIBRE,descripcion_presupuesto_249,-176256.0,regular,202003
249,2020-04-01,LIBRE,descripcion_presupuesto_249,-176256.0,regular,202004
249,2020-05-01,LIBRE,descripcion_presupuesto_249,-176256.0,regular,202005
249,2020-06-01,LIBRE,descripcion_presupuesto_249,-176256.0,regular,202006
249,2020-07-01,LIBRE,descripcion_presupuesto_249,-176256.0,regular,202007
249,2020-08-01,LIBRE,descripcion_presupuesto_249,-176256.0,regular,202008
249,2020-09-01,LIBRE,descripcion_presupuesto_249,-176256.0,regular,202009
249,2020-10-01,LIBRE,descripcion_presupuesto_249,-176256.0,regular,202010
249,2020-11-01,LIBRE,descripcion_presupuesto_249,-176256.0,regular,202011
249,2020-12-01,LIBRE,descripcion_presupuesto_249,-176256.0,regular,202012
250,2020-01-01,NECESIDAD,descripcion_presupuesto_250,-91656.0,regular,202001
250,2020-02-01,NECESIDAD,descripcion_presupuesto_250,-91656.0,regular,202002
250,2020-03-01,NECESIDAD,descripcion_presupuesto_250,-91656.0,regular,202003
250,2020-04-01,NECESIDAD,descripcion_presupuesto_250,-91656.0,regular,202004
250,2020-05-01,NECESIDAD,descripcion_presupuesto_250,-91656.0,regular,202005
250,2020-06-01,NECESIDAD,descripcion_presupuesto_250,-91656.0,regular,202006
250,2020-07-01,NECESIDAD,descripcion_presupuesto_250,-91656.0,regular,202007
250,2020-08-01,NECESIDAD,descripcion_presupuesto_250,-91656.0,regular,202008
250,2020-09-01,NECESIDAD,descripcion_presupuesto_250,-91656.0,regular,202009
250,2020-10-01,NECESIDAD,descripcion_presupuesto_250,-91656.0,regular,202010
250,2020-11-01,NECESIDAD,descripcion_presupuesto_250,-91656.0,regular,202011
250,2020-12-01,NECESIDAD,descripcion_presupuesto_250,-91656.0,regular,202012
251,2020-01-01,RECREACION,descripcion_presupuesto_251,-133956.0,regular,202001
251,2020-02-01,RECREACION,descripcion_presupuesto_251,-133956.0,regular,202002
251,2020-03-01,RECREACION,descripcion_presupuesto_251,-133956.0,regular,202003
251,2020-04-01,RECREACION,descripcion_presupuesto_251,-133956.0,regular,202004
251,2020-05-01,RECREACION,descripcion_presupuesto_251,-133956.0,regular,202005
251,2020-06-01,RECREACION,descripcion_presupuesto_251,-133956.0,regular,202006
251,2020-07-01,RECREACION,descripcion_presupuesto_251,-133956.0,regular,202007
251,2020-08-01,RECREACION,descripcion_presupuesto_251,-133956.0,regular,202008
251,2020-09-01,RECREACION,descripcion_presupuesto_251,-133956.0,regular,202009
251,2020-10-01,RECREACION,descripcion_presupuesto_251,-133956.0,regular,202010
251,2020-11-01,RECREACION,descripcion_presupuesto_251,-133956.0,regular,202011
251,2020-12-01,RECREACION,descripcion_presupuesto_251,-133956.0,regular,202012
252,2020-01-01,SUSCRIPCION,descripcion_presupuesto_252,-59790.0,regular,202001
252,2020-02-01,SUSCRIPCION,descripcion_presupuesto_252,-59790.0,regular,202002
252,2020-03-01,SUSCRIPCION,descripcion_presupuesto_252,-59790.0,regular,202003
252,2020-04-01,SUSCRIPCION,descripcion_presupuesto_252,-59790.0,regular,202004
252,2020-05-01,SUSCRIPCION,descripcion_presupuesto_252,-59790.0,regular,202005
252,2020-06-01,SUSCRIPCION,descripcion_presupuesto_252,-59790.0,regular,202006
252,2020-07-01,SUSCRIPCION,descripcion_presupuesto_252,-59790.0,regular,202007
252,2020-08-01,SUSCRIPCION,descripcion_presupuesto_252,-59790.0,regular,202008
252,2020-09-01,SUSCRIPCION,descripcion_presupuesto_252,-59790.0,regular,202009
252,2020-10-01,SUSCRIPCION,descripcion_presupuesto_252,-59790.0,regular,202010
252,2020-11-01,SUSCRIPCION,descripcion_presupuesto_252,-59790.0,regular,202011
252,2020-12-01,SUSCRIPCION,descripcion_presupuesto_252,-59790.0,regular,202012
254,2020-01-01,TRANSPORTE,descripcion_presupuesto_254,-98706.0,regular,202001
254,2020-02-01,TRANSPORTE,descripcion_presupuesto_254,-98706.0,regular,202002
254,2020-03-01,TRANSPORTE,descripcion_presupuesto_254,-98706.0,regular,202003
254,2020-04-01,TRANSPORTE,descripcion_presupuesto_254,-98706.0,regular,202004
254,2020-05-01,TRANSPORTE,descripcion_presupuesto_254,-98706.0,regular,202005
254,2020-06-01,TRANSPORTE,descripcion_presupuesto_254,-98706.0,regular,202006
254,2020-07-01,TRANSPORTE,descripcion_presupuesto_254,-98706.0,regular,202007
254,2020-08-01,TRANSPORTE,descripcion_presupuesto_254,-98706.0,regular,202008
254,2020-09-01,TRANSPORTE,descripcion_presupuesto_254,-98706.0,regular,202009
254,2020-10-01,TRANSPORTE,descripcion_presupuesto_254,-98706.0,regular,202010
254,2020-11-01,TRANSPORTE,descripcion_presupuesto_254,-98706.0,regular,202011
254,2020-12-01,TRANSPORTE,descripcion_presupuesto_254,-98706.0,regular,202012
308,2021-01-01,DINERO,descripcion_presupuesto_308,-6.0,dinero,202101
308,2021-02-01,DINERO,descripcion_presupuesto_308,-6.0,dinero,202102
308,2021-03-01,DINERO,descripcion_presupuesto_308,-6.0,dinero,202103
308,2021-04-01,DINERO,descripcion_presupuesto_308,-6.0,dinero,202104
308,2021-05-01,DINERO,descripcion_presupuesto_308,-6.0,dinero,202105
308,2021-06-01,DINERO,descripcion_presupuesto_308,-6.0,dinero,202106
308,2021-07-01,DINERO,descripcion_presupuesto_308,-6.0,dinero,202107
308,2021-08-01,DINERO,descripcion_presupuesto_308,-6.0,dinero,202108
308,2021-09-01,DINERO,descripcion_presupuesto_308,-6.0,dinero,202109
308,2021-10-01,DINERO,descripcion_presupuesto_308,-6.0,dinero,202110
308,2021-11-01,DINERO,descripcion_presupuesto_308,-6.0,dinero,202111
308,2021-12-01,DINERO,descripcion_presupuesto_308,-6.0,dinero,202112
309,2021-01-01,HOGAR,descripcion_presupuesto_309,-105756.0,regular,202101
309,2021-02-01,HOGAR,descripcion_presupuesto_309,-105756.0,regular,202102
309,2021-03-01,HOGAR,descripcion_presupuesto_309,-105756.0,regular,202103
309,2021-04-01,HOGAR,descripcion_presupuesto_309,-105756.0,regular,202104
309,2021-05-01,HOGAR,descripcion_presupuesto_309,-105756.0,regular,202105
309,2021-06-01,HOGAR,descripcion_presupuesto_309,-105756.0,regular,202106
309,2021-07-01,HOGAR,descripcion_presupuesto_309,-105756.0,regular,202107
309,2021-08-01,HOGAR,descripcion_presupuesto_309,-105756.0,regular,202108
309,2021-09-01,HOGAR,descripcion_presupuesto_309,-105756.0,regular,202109
309,2021-10-01,HOGAR,descripcion_presupuesto_309,-105756.0,regular,202110
309,2021-11-01,HOGAR,descripcion_presupuesto_309,-105756.0,regular,202111
309,2021-12-01,HOGAR,descripcion_presupuesto_309,-105756.0,regular,202112
310,2021-01-01,LIBRE,descripcion_presupuesto_310,-317256.0,regular,202101
310,2021-02-01,LIBRE,descripcion_presupuesto_310,-317256.0,regular,202102
310,2021-03-01,LIBRE,descripcion_presupuesto_310,-317256.0,regular,202103
310,2021-04-01,LIBRE,descripcion_presupuesto_310,-317256.0,regular,202104
310,2021-05-01,LIBRE,descripcion_presupuesto_310,-317256.0,regular,202105
310,2021-06-01,LIBRE,descripcion_presupuesto_310,-317256.0,regular,202106
310,2021-07-01,LIBRE,descripcion_presupuesto_310,-317256.0,regular,202107
310,2021-08-01,LIBRE,descripcion_presupuesto_310,-317256.0,regular,202108
310,2021-09-01,LIBRE,descripcion_presupuesto_310,-317256.0,regular,202109
310,2021-10-01,LIBRE,descripcion_presupuesto_310,-317256.0,regular,202110
310,2021-11-01,LIBRE,descripcion_presupuesto_310,-317256.0,regular,202111
310,2021-12-01,LIBRE,descripcion_presupuesto_310,-317256.0,regular,202112
311,2021-01-01,NECESIDAD,descripcion_presupuesto_311,-105756.0,regular,202101
311,2021-02-01,NECESIDAD,descripcion_presupuesto_311,-105756.0,regular,202102
311,2021-03-01,NECESIDAD,descripcion_presupuesto_311,-105756.0,regular,202103
311,2021-04-01,NECESIDAD,descripcion_presupuesto_311,-105756.0,regular,202104
311,2021-05-01,NECESIDAD,descripcion_presupuesto_311,-105756.0,regular,202105
311,2021-06-01,NECESIDAD,descripcion_presupuesto_311,-105756.0,regular,202106
311,2021-07-01,NECESIDAD,descripcion_presupuesto_311,-105756.0,regular,202107
311,2021-08-01,NECESIDAD,descripcion_presupuesto_311,-105756.0,regular,202108
311,2021-09-01,NECESIDAD,descripcion_presupuesto_311,-105756.0,regular,202109
311,2021-10-01,NECESIDAD,descripcion_presupuesto_311,-105756.0,regular,202110
311,2021-11-01,NECESIDAD,descripcion_presupuesto_311,-105756.0,regular,202111
311,2021-12-01,NECESIDAD,descripcion_presupuesto_311,-105756.0,regular,202112
312,2021-01-01,RECREACION,descripcion_presupuesto_312,-105756.0,regular,202101
312,2021-02-01,RECREACION,descripcion_presupuesto_312,-105756.0,regular,202102
312,2021-03-01,RECREACION,descripcion_presupuesto_312,-105756.0,regular,202103
312,2021-04-01,RECREACION,descripcion_presupuesto_312,-105756.0,regular,202104
312,2021-05-01,RECREACION,descripcion_presupuesto_312,-105756.0,regular,202105
312,2021-06-01,RECREACION,descripcion_presupuesto_312,-105756.0,regular,202106
312,2021-07-01,RECREACION,descripcion_presupuesto_312,-105756.0,regular,202107
312,2021-08-01,RECREACION,descripcion_presupuesto_312,-105756.0,regular,202108
312,2021-09-01,RECREACION,descripcion_presupuesto_312,-105756.0,regular,202109
312,2021-10-01,RECREACION,descripcion_presupuesto_312,-105756.0,regular,202110
312,2021-11-01,RECREACION,descripcion_presupuesto_312,-105756.0,regular,202111
312,2021-12-01,RECREACION,descripcion_presupuesto_312,-105756.0,regular,202112
313,2021-01-01,SUSCRIPCION,descripcion_presupuesto_313,-49285.5,regular,202101
313,2021-02-01,SUSCRIPCION,descripcion_presupuesto_313,-49285.5,regular,202102
313,2021-03-01,SUSCRIPCION,descripcion_presupuesto_313,-49285.5,regular,202103
313,2021-04-01,SUSCRIPCION,descripcion_presupuesto_313,-49285.5,regular,202104
313,2021-05-01,SUSCRIPCION,descripcion_presupuesto_313,-49285.5,regular,202105
313,2021-06-01,SUSCRIPCION,descripcion_presupuesto_313,-49285.5,regular,202106
313,2021-07-01,SUSCRIPCION,descripcion_presupuesto_313,-49285.5,regular,202107
313,2021-08-01,SUSCRIPCION,descripcion_presupuesto_313,-49285.5,regular,202108
313,2021-09-01,SUSCRIPCION,descripcion_presupuesto_313,-49285.5,regular,202109
313,2021-10-01,SUSCRIPCION,descripcion_presupuesto_313,-49285.5,regular,202110
313,2021-11-01,SUSCRIPCION,descripcion_presupuesto_313,-49285.5,regular,202111
313,2021-12-01,SUSCRIPCION,descripcion_presupuesto_313,-49285.5,regular,202112
314,2021-01-01,SUSCRIPCION,descripcion_presupuesto_314,-24681.0,regular,202101
314,2021-02-01,SUSCRIPCION,descripcion_presupuesto_314,-24681.0,regular,202102
314,2021-03-01,SUSCRIPCION,descripcion_presupuesto_314,-24681.0,regular,202103
314,2021-04-01,SUSCRIPCION,descripcion_presupuesto_314,-24681.0,regular,202104
314,2021-05-01,SUSCRIPCION,descripcion_presupuesto_314,-24681.0,regular,202105
314,2021-06-01,SUSCRIPCION,descripcion_presupuesto_314,-24681.0,regular,202106
314,2021-07-01,SUSCRIPCION,descripcion_presupuesto_314,-24681.0,regular,202107
314,2021-08-01,SUSCRIPCION,descripcion_presupuesto_314,-24681.0,regular,202108
314,2021-09-01,SUSCRIPCION,descripcion_presupuesto_314,-24681.0,regular,202109
314,2021-10-01,SUSCRIPCION,descripcion_presupuesto_314,-24681.0,regular,202110
314,2021-11-01,SUSCRIPCION,descripcion_presupuesto_314,-24681.0,regular,202111
314,2021-12-01,SUSCRIPCION,descripcion_presupuesto_314,-24681.0,regular,202112
316,2021-01-01,TRANSPORTE,descripcion_presupuesto_316,-98706.0,regular,202101
316,2021-02-01,TRANSPORTE,descripcion_presupuesto_316,-98706.0,regular,202102
316,2021-03-01,TRANSPORTE,descripcion_presupuesto_316,-98706.0,regular,202103
316,2021-04-01,TRANSPORTE,descripcion_presupuesto_316,-98706.0,regular,202104
316,2021-05-01,TRANSPORTE,descripcion_presupuesto_316,-98706.0,regular,202105
316,2021-06-01,TRANSPORTE,descripcion_presupuesto_316,-98706.0,regular,202106
316,2021-07-01,TRANSPORTE,descripcion_presupuesto_316,-98706.0,regular,202107
316,2021-08-01,TRANSPORTE,descripcion_presupuesto_316,-98706.0,regular,202108
316,2021-09-01,TRANSPORTE,descripcion_presupuesto_316,-98706.0,regular,202109
316,2021-10-01,TRANSPORTE,descripcion_presupuesto_316,-98706.0,regular,202110
316,2021-11-01,TRANSPORTE,descripcion_presupuesto_316,-98706.0,regular,202111
316,2021-12-01,TRANSPORTE,descripcion_presupuesto_316,-98706.0,regular,202112
365,2022-01-01,DINERO,descripcion_presupuesto_365,-6.0,dinero,202201
365,2022-02-01,DINERO,descripcion_presupuesto_365,-6.0,dinero,202202
365,2022-03-01,DINERO,descripcion_presupuesto_365,-6.0,dinero,202203
365,2022-04-01,DINERO,descripcion_presupuesto_365,-6.0,dinero,202204
365,2022-05-01,DINERO,descripcion_presupuesto_365,-6.0,dinero,202205
365,2022-06-01,DINERO,descripcion_presupuesto_365,-6.0,dinero,202206
365,2022-07-01,DINERO,descripcion_presupuesto_365,-6.0,dinero,202207
366,2022-01-01,LIBRE,descripcion_presupuesto_366,-246756.0,regular,202201
366,2022-02-01,LIBRE,descripcion_presupuesto_366,-246756.0,regular,202202
366,2022-03-01,LIBRE,descripcion_presupuesto_366,-246756.0,regular,202203
366,2022-04-01,LIBRE,descripcion_presupuesto_366,-246756.0,regular,202204
366,2022-05-01,LIBRE,descripcion_presupuesto_366,-246756.0,regular,202205
366,2022-06-01,LIBRE,descripcion_presupuesto_366,-246756.0,regular,202206
367,2022-01-01,NECESIDAD,descripcion_presupuesto_367,-176256.0,regular,202201
367,2022-02-01,NECESIDAD,descripcion_presupuesto_367,-176256.0,regular,202202
367,2022-03-01,NECESIDAD,descripcion_presupuesto_367,-176256.0,regular,202203
367,2022-04-01,NECESIDAD,descripcion_presupuesto_367,-176256.0,regular,202204
367,2022-05-01,NECESIDAD,descripcion_presupuesto_367,-176256.0,regular,202205
367,2022-06-01,NECESIDAD,descripcion_presupuesto_367,-176256.0,regular,202206
368,2022-01-01,RECREACION,descripcion_presupuesto_368,-141006.0,regular,202201
368,2022-02-01,RECREACION,descripcion_presupuesto_368,-141006.0,regular,202202
368,2022-03-01,RECREACION,descripcion_presupuesto_368,-141006.0,regular,202203
368,2022-04-01,RECREACION,descripcion_presupuesto_368,-141006.0,regular,202204
368,2022-05-01,RECREACION,descripcion_presupuesto_368,-141006.0,regular,202205
368,2022-06-01,RECREACION,descripcion_presupuesto_368,-141006.0,regular,202206
369,2022-01-01,SUSCRIPCION,descripcion_presupuesto_369,-77485.5,regular,202201
369,2022-02-01,SUSCRIPCION,descripcion_presupuesto_369,-77485.5,regular,202202
369,2022-03-01,SUSCRIPCION,descripcion_presupuesto_369,-77485.5,regular,202203
369,2022-04-01,SUSCRIPCION,descripcion_presupuesto_369,-77485.5,regular,202204
369,2022-05-01,SUSCRIPCION,descripcion_presupuesto_369,-77485.5,regular,202205
369,2022-06-01,SUSCRIPCION,descripcion_presupuesto_369,-77485.5,regular,202206
371,2022-01-01,TRANSPORTE,descripcion_presupuesto_371,-98706.0,regular,202201
371,2022-02-01,TRANSPORTE,descripcion_presupuesto_371,-98706.0,regular,202202
371,2022-03-01,TRANSPORTE,descripcion_presupuesto_371,-98706.0,regular,202203
371,2022-04-01,TRANSPORTE,descripcion_presupuesto_371,-98706.0,regular,202204
371,2022-05-01,TRANSPORTE,descripcion_presupuesto_371,-98706.0,regular,202205
371,2022-06-01,TRANSPORTE,descripcion_presupuesto_371,-98706.0,regular,202206
371,2022-07-01,TRANSPORTE,descripcion_presupuesto_371,-98706.0,regular,202207
389,2022-07-01,HOGAR,descripcion_presupuesto_389,-56406.0,regular,202207
389,2022-08-01,HOGAR,descripcion_presupuesto_389,-56406.0,regular,202208
389,2022-09-01,HOGAR,descripcion_presupuesto_389,-56406.0,regular,202209
389,2022-10-01,HOGAR,descripcion_presupuesto_389,-56406.0,regular,202210
389,2022-11-01,HOGAR,descripcion_presupuesto_389,-56406.0,regular,202211
389,2022-12-01,HOGAR,descripcion_presupuesto_389,-56406.0,regular,202212
390,2022-07-01,LIBRE,descripcion_presupuesto_390,-105756.0,regular,202207
390,2022-08-01,LIBRE,descripcion_presupuesto_390,-105756.0,regular,202208
390,2022-09-01,LIBRE,descripcion_presupuesto_390,-105756.0,regular,202209
390,2022-10-01,LIBRE,descripcion_presupuesto_390,-105756.0,regular,202210
390,2022-11-01,LIBRE,descripcion_presupuesto_390,-105756.0,regular,202211
390,2022-12-01,LIBRE,descripcion_presupuesto_390,-105756.0,regular,202212
391,2022-07-01,NECESIDAD,descripcion_presupuesto_391,-406720.5,regular,202207
391,2022-08-01,NECESIDAD,descripcion_presupuesto_391,-406720.5,regular,202208
391,2022-09-01,NECESIDAD,descripcion_presupuesto_391,-406720.5,regular,202209
391,2022-10-01,NECESIDAD,descripcion_presupuesto_391,-406720.5,regular,202210
391,2022-11-01,NECESIDAD,descripcion_presupuesto_391,-406720.5,regular,202211
391,2022-12-01,NECESIDAD,descripcion_presupuesto_391,-406720.5,regular,202212
392,2022-07-01,RECREACION,descripcion_presupuesto_392,-176256.0,regular,202207
392,2022-08-01,RECREACION,descripcion_presupuesto_392,-176256.0,regular,202208
392,2022-09-01,RECREACION,descripcion_presupuesto_392,-176256.0,regular,202209
392,2022-10-01,RECREACION,descripcion_presupuesto_392,-176256.0,regular,202210
392,2022-11-01,RECREACION,descripcion_presupuesto_392,-176256.0,regular,202211
392,2022-12-01,RECREACION,descripcion_presupuesto_392,-176256.0,regular,202212
393,2022-07-01,SUSCRIPCION,descripcion_presupuesto_393,-535735.5,regular,202207
393,2022-08-01,SUSCRIPCION,descripcion_presupuesto_393,-535735.5,regular,202208
393,2022-09-01,SUSCRIPCION,descripcion_presupuesto_393,-535735.5,regular,202209
393,2022-10-01,SUSCRIPCION,descripcion_presupuesto_393,-535735.5,regular,202210
393,2022-11-01,SUSCRIPCION,descripcion_presupuesto_393,-535735.5,regular,202211
393,2022-12-01,SUSCRIPCION,descripcion_presupuesto_393,-535735.5,regular,202212
400,2022-08-01,DINERO,descripcion_presupuesto_400,-6.0,dinero,202208
400,2022-09-01,DINERO,descripcion_presupuesto_400,-6.0,dinero,202209
400,2022-10-01,DINERO,descripcion_presupuesto_400,-6.0,dinero,202210
400,2022-11-01,DINERO,descripcion_presupuesto_400,-6.0,dinero,202211
400,2022-12-01,DINERO,descripcion_presupuesto_400,-6.0,dinero,202212
402,2022-08-01,TRANSPORTE,descripcion_presupuesto_402,-56406.0,regular,202208
402,2022-09-01,TRANSPORTE,descripcion_presupuesto_402,-56406.0,regular,202209
402,2022-10-01,TRANSPORTE,descripcion_presupuesto_402,-56406.0,regular,202210
402,2022-11-01,TRANSPORTE,descripcion_presupuesto_402,-56406.0,regular,202211
402,2022-12-01,TRANSPORTE,descripcion_presupuesto_402,-56406.0,regular,202212
424,2023-01-01,DINERO,descripcion_presupuesto_424,-6.0,dinero,202301
424,2023-02-01,DINERO,descripcion_presupuesto_424,-6.0,dinero,202302
424,2023-03-01,DINERO,descripcion_presupuesto_424,-6.0,dinero,202303
424,2023-04-01,DINERO,descripcion_presupuesto_424,-6.0,dinero,202304
424,2023-05-01,DINERO,descripcion_presupuesto_424,-6.0,dinero,202305
424,2023-06-01,DINERO,descripcion_presupuesto_424,-6.0,dinero,202306
424,2023-07-01,DINERO,descripcion_presupuesto_424,-6.0,dinero,202307
424,2023-08-01,DINERO,descripcion_presupuesto_424,-6.0,dinero,202308
424,2023-09-01,DINERO,descripcion_presupuesto_424,-6.0,dinero,202309
424,2023-10-01,DINERO,descripcion_presupuesto_424,-6.0,dinero,202310
424,2023-11-01,DINERO,descripcion_presupuesto_424,-6.0,dinero,202311
424,2023-12-01,DINERO,descripcion_presupuesto_424,-6.0,dinero,202312
425,2023-01-01,HOGAR,descripcion_presupuesto_425,-56406.0,regular,202301
425,2023-02-01,HOGAR,descripcion_presupuesto_425,-56406.0,regular,202302
425,2023-03-01,HOGAR,descripcion_presupuesto_425,-56406.0,regular,202303
425,2023-04-01,HOGAR,descripcion_presupuesto_425,-56406.0,regular,202304
425,2023-05-01,HOGAR,descripcion_presupuesto_425,-56406.0,regular,202305
425,2023-06-01,HOGAR,descripcion_presupuesto_425,-56406.0,regular,202306
425,2023-07-01,HOGAR,descripcion_presupuesto_425,-56406.0,regular,202307
425,2023-08-01,HOGAR,descripcion_presupuesto_425,-56406.0,regular,202308
425,2023-09-01,HOGAR,descripcion_presupuesto_425,-56406.0,regular,202309
425,2023-10-01,HOGAR,descripcion_presupuesto_425,-56406.0,regular,202310
425,2023-11-01,HOGAR,descripcion_presupuesto_425,-56406.0,regular,202311
425,2023-12-01,HOGAR,descripcion_presupuesto_425,-56406.0,regular,202312
426,2023-01-01,LIBRE,descripcion_presupuesto_426,-218556.0,regular,202301
426,2023-02-01,LIBRE,descripcion_presupuesto_426,-218556.0,regular,202302
426,2023-03-01,LIBRE,descripcion_presupuesto_426,-218556.0,regular,202303
426,2023-04-01,LIBRE,descripcion_presupuesto_426,-218556.0,regular,202304
426,2023-05-01,LIBRE,descripcion_presupuesto_426,-218556.0,regular,202305
426,2023-06-01,LIBRE,descripcion_presupuesto_426,-218556.0,regular,202306
426,2023-07-01,LIBRE,descripcion_presupuesto_426,-218556.0,regular,202307
426,2023-08-01,LIBRE,descripcion_presupuesto_426,-218556.0,regular,202308
426,2023-09-01,LIBRE,descripcion_presupuesto_426,-218556.0,regular,202309
426,2023-10-01,LIBRE,descripcion_presupuesto_426,-218556.0,regular,202310
426,2023-11-01,LIBRE,descripcion_presupuesto_426,-218556.0,regular,202311
426,2023-12-01,LIBRE,descripcion_presupuesto_426,-218556.0,regular,202312
427,2023-01-01,NECESIDAD,descripcion_presupuesto_427,-406720.5,regular,202301
427,2023-02-01,NECESIDAD,descripcion_presupuesto_427,-406720.5,regular,202302
427,2023-03-01,NECESIDAD,descripcion_presupuesto_427,-406720.5,regular,202303
427,2023-04-01,NECESIDAD,descripcion_presupuesto_427,-406720.5,regular,202304
427,2023-05-01,NECESIDAD,descripcion_presupuesto_427,-406720.5,regular,202305
427,2023-06-01,NECESIDAD,descripcion_presupuesto_427,-406720.5,regular,202306
427,2023-07-01,NECESIDAD,descripcion_presupuesto_427,-406720.5,regular,202307
427,2023-08-01,NECESIDAD,descripcion_presupuesto_427,-406720.5,regular,202308
427,2023-09-01,NECESIDAD,descripcion_presupuesto_427,-406720.5,regular,202309
427,2023-10-01,NECESIDAD,descripcion_presupuesto_427,-406720.5,regular,202310
427,2023-11-01,NECESIDAD,descripcion_presupuesto_427,-406720.5,regular,202311
427,2023-12-01,NECESIDAD,descripcion_presupuesto_427,-406720.5,regular,202312
428,2023-01-01,RECREACION,descripcion_presupuesto_428,-141006.0,regular,202301
428,2023-02-01,RECREACION,descripcion_presupuesto_428,-141006.0,regular,202302
428,2023-03-01,RECREACION,descripcion_presupuesto_428,-141006.0,regular,202303
428,2023-04-01,RECREACION,descripcion_presupuesto_428,-141006.0,regular,202304
428,2023-05-01,RECREACION,descripcion_presupuesto_428,-141006.0,regular,202305
428,2023-06-01,RECREACION,descripcion_presupuesto_428,-141006.0,regular,202306
428,2023-07-01,RECREACION,descripcion_presupuesto_428,-141006.0,regular,202307
428,2023-08-01,RECREACION,descripcion_presupuesto_428,-141006.0,regular,202308
428,2023-09-01,RECREACION,descripcion_presupuesto_428,-141006.0,regular,202309
428,2023-10-01,RECREACION,descripcion_presupuesto_428,-141006.0,regular,202310
428,2023-11-01,RECREACION,descripcion_presupuesto_428,-141006.0,regular,202311
428,2023-12-01,RECREACION,descripcion_presupuesto_428,-141006.0,regular,202312
429,2023-01-01,SUSCRIPCION,descripcion_presupuesto_429,-535806.0,regular,202301
429,2023-02-01,SUSCRIPCION,descripcion_presupuesto_429,-535806.0,regular,202302
429,2023-03-01,SUSCRIPCION,descripcion_presupuesto_429,-535806.0,regular,202303
429,2023-04-01,SUSCRIPCION,descripcion_presupuesto_429,-535806.0,regular,202304
429,2023-05-01,SUSCRIPCION,descripcion_presupuesto_429,-535806.0,regular,202305
429,2023-06-01,SUSCRIPCION,descripcion_presupuesto_429,-535806.0,regular,202306
429,2023-07-01,SUSCRIPCION,descripcion_presupuesto_429,-535806.0,regular,202307
429,2023-08-01,SUSCRIPCION,descripcion_presupuesto_429,-535806.0,regular,202308
429,2023-09-01,SUSCRIPCION,descripcion_presupuesto_429,-535806.0,regular,202309
429,2023-10-01,SUSCRIPCION,descripcion_presupuesto_429,-535806.0,regular,202310
429,2023-11-01,SUSCRIPCION,descripcion_presupuesto_429,-535806.0,regular,202311
429,2023-12-01,SUSCRIPCION,descripcion_presupuesto_429,-535806.0,regular,202312
431,2023-01-01,TRANSPORTE,descripcion_presupuesto_431,-14106.0,regular,202301
431,2023-02-01,TRANSPORTE,descripcion_presupuesto_431,-14106.0,regular,202302
431,2023-03-01,TRANSPORTE,descripcion_presupuesto_431,-14106.0,regular,202303
431,2023-04-01,TRANSPORTE,descripcion_presupuesto_431,-14106.0,regular,202304
431,2023-05-01,TRANSPORTE,descripcion_presupuesto_431,-14106.0,regular,202305
431,2023-06-01,TRANSPORTE,descripcion_presupuesto_431,-14106.0,regular,202306
431,2023-07-01,TRANSPORTE,descripcion_presupuesto_431,-14106.0,regular,202307
431,2023-08-01,TRANSPORTE,descripcion_presupuesto_431,-14106.0,regular,202308
431,2023-09-01,TRANSPORTE,descripcion_presupuesto_431,-14106.0,regular,202309
431,2023-10-01,TRANSPORTE,descripcion_presupuesto_431,-14106.0,regular,202310
431,2023-11-01,TRANSPORTE,descripcion_presupuesto_431,-14106.0,regular,202311
431,2023-12-01,TRANSPORTE,descripcion_presupuesto_431,-14106.0,regular,202312
485,2024-01-01,HOGAR,descripcion_presupuesto_485,-56406.0,regular,202401
485,2024-02-01,HOGAR,descripcion_presupuesto_485,-56406.0,regular,202402
485,2024-03-01,HOGAR,descripcion_presupuesto_485,-56406.0,regular,202403
485,2024-04-01,HOGAR,descripcion_presupuesto_485,-56406.0,regular,202404
485,2024-05-01,HOGAR,descripcion_presupuesto_485,-56406.0,regular,202405
485,2024-06-01,HOGAR,descripcion_presupuesto_485,-56406.0,regular,202406
485,2024-07-01,HOGAR,descripcion_presupuesto_485,-56406.0,regular,202407
485,2024-08-01,HOGAR,descripcion_presupuesto_485,-56406.0,regular,202408
485,2024-09-01,HOGAR,descripcion_presupuesto_485,-56406.0,regular,202409
485,2024-10-01,HOGAR,descripcion_presupuesto_485,-56406.0,regular,202410
485,2024-11-01,HOGAR,descripcion_presupuesto_485,-56406.0,regular,202411
485,2024-12-01,HOGAR,descripcion_presupuesto_485,-56406.0,regular,202412
486,2024-01-01,LIBRE,descripcion_presupuesto_486,-211506.0,regular,202401
486,2024-02-01,LIBRE,descripcion_presupuesto_486,-211506.0,regular,202402
486,2024-03-01,LIBRE,descripcion_presupuesto_486,-211506.0,regular,202403
486,2024-04-01,LIBRE,descripcion_presupuesto_486,-211506.0,regular,202404
486,2024-05-01,LIBRE,descripcion_presupuesto_486,-211506.0,regular,202405
486,2024-06-01,LIBRE,descripcion_presupuesto_486,-211506.0,regular,202406
486,2024-07-01,LIBRE,descripcion_presupuesto_486,-211506.0,regular,202407
486,2024-08-01,LIBRE,descripcion_presupuesto_486,-211506.0,regular,202408
486,2024-09-01,LIBRE,descripcion_presupuesto_486,-211506.0,regular,202409
486,2024-10-01,LIBRE,descripcion_presupuesto_486,-211506.0,regular,202410
486,2024-11-01,LIBRE,descripcion_presupuesto_486,-211506.0,regular,202411
486,2024-12-01,LIBRE,descripcion_presupuesto_486,-211506.0,regular,202412
487,2024-01-01,NECESIDAD,descripcion_presupuesto_487,-500556.0,regular,202401
487,2024-02-01,NECESIDAD,descripcion_presupuesto_487,-500556.0,regular,202402
487,2024-03-01,NECESIDAD,descripcion_presupuesto_487,-500556.0,regular,202403
487,2024-04-01,NECESIDAD,descripcion_presupuesto_487,-500556.0,regular,202404
487,2024-05-01,NECESIDAD,descripcion_presupuesto_487,-500556.0,regular,202405
487,2024-06-01,NECESIDAD,descripcion_presupuesto_487,-500556.0,regular,202406
487,2024-07-01,NECESIDAD,descripcion_presupuesto_487,-500556.0,regular,202407
487,2024-08-01,NECESIDAD,descripcion_presupuesto_487,-500556.0,regular,202408
487,2024-09-01,NECESIDAD,descripcion_presupuesto_487,-500556.0,regular,202409
487,2024-10-01,NECESIDAD,descripcion_presupuesto_487,-500556.0,regular,202410
487,2024-11-01,NECESIDAD,descripcion_presupuesto_487,-500556.0,regular,202411
487,2024-12-01,NECESIDAD,descripcion_presupuesto_487,-500556.0,regular,202412
488,2024-01-01,RECREACION,descripcion_presupuesto_488,-141006.0,regular,202401
488,2024-02-01,RECREACION,descripcion_presupuesto_488,-141006.0,regular,202402
488,2024-03-01,RECREACION,descripcion_presupuesto_488,-141006.0,regular,202403
488,2024-04-01,RECREACION,descripcion_presupuesto_488,-141006.0,regular,202404
488,2024-05-01,RECREACION,descripcion_presupuesto_488,-141006.0,regular,202405
488,2024-06-01,RECREACION,descripcion_presupuesto_488,-141006.0,regular,202406
488,2024-07-01,RECREACION,descripcion_presupuesto_488,-141006.0,regular,202407
488,2024-08-01,RECREACION,descripcion_presupuesto_488,-141006.0,regular,202408
488,2024-09-01,RECREACION,descripcion_presupuesto_488,-141006.0,regular,202409
488,2024-10-01,RECREACION,descripcion_presupuesto_488,-141006.0,regular,202410
488,2024-11-01,RECREACION,descripcion_presupuesto_488,-141006.0,regular,202411
488,2024-12-01,RECREACION,descripcion_presupuesto_488,-141006.0,regular,202412
489,2024-01-01,SUSCRIPCION,descripcion_presupuesto_489,-564006.0,regular,202401
489,2024-02-01,SUSCRIPCION,descripcion_presupuesto_489,-564006.0,regular,202402
489,2024-03-01,SUSCRIPCION,descripcion_presupuesto_489,-564006.0,regular,202403
489,2024-04-01,SUSCRIPCION,descripcion_presupuesto_489,-564006.0,regular,202404
489,2024-05-01,SUSCRIPCION,descripcion_presupuesto_489,-564006.0,regular,202405
489,2024-06-01,SUSCRIPCION,descripcion_presupuesto_489,-564006.0,regular,202406
489,2024-07-01,SUSCRIPCION,descripcion_presupuesto_489,-564006.0,regular,202407
489,2024-08-01,SUSCRIPCION,descripcion_presupuesto_489,-564006.0,regular,202408
489,2024-09-01,SUSCRIPCION,descripcion_presupuesto_489,-564006.0,regular,202409
489,2024-10-01,SUSCRIPCION,descripcion_presupuesto_489,-564006.0,regular,202410
489,2024-11-01,SUSCRIPCION,descripcion_presupuesto_489,-564006.0,regular,202411
489,2024-12-01,SUSCRIPCION,descripcion_presupuesto_489,-564006.0,regular,202412
490,2024-01-01,TRANSPORTE,descripcion_presupuesto_490,-14106.0,regular,202401
490,2024-02-01,TRANSPORTE,descripcion_presupuesto_490,-14106.0,regular,202402
490,2024-03-01,TRANSPORTE,descripcion_presupuesto_490,-14106.0,regular,202403
490,2024-04-01,TRANSPORTE,descripcion_presupuesto_490,-14106.0,regular,202404
490,2024-05-01,TRANSPORTE,descripcion_presupuesto_490,-14106.0,regular,202405
490,2024-06-01,TRANSPORTE,descripcion_presupuesto_490,-14106.0,regular,202406
490,2024-07-01,TRANSPORTE,descripcion_presupuesto_490,-14106.0,regular,202407
490,2024-08-01,TRANSPORTE,descripcion_presupuesto_490,-14106.0,regular,202408
490,2024-09-01,TRANSPORTE,descripcion_presupuesto_490,-14106.0,regular,202409
490,2024-10-01,TRANSPORTE,descripcion_presupuesto_490,-14106.0,regular,202410
490,2024-11-01,TRANSPORTE,descripcion_presupuesto_490,-14106.0,regular,202411
490,2024-12-01,TRANSPORTE,descripcion_presupuesto_490,-14106.0,regular,202412
535,2025-01-01,DINERO,descripcion_presupuesto_535,-6.0,dinero,202501
535,2025-02-01,DINERO,descripcion_presupuesto_535,-6.0,dinero,202502
535,2025-03-01,DINERO,descripcion_presupuesto_535,-6.0,dinero,202503
535,2025-04-01,DINERO,descripcion_presupuesto_535,-6.0,dinero,202504
535,2025-05-01,DINERO,descripcion_presupuesto_535,-6.0,dinero,202505
535,2025-06-01,DINERO,descripcion_presupuesto_535,-6.0,dinero,202506
535,2025-07-01,DINERO,descripcion_presupuesto_535,-6.0,dinero,202507
535,2025-08-01,DINERO,descripcion_presupuesto_535,-6.0,dinero,202508
535,2025-09-01,DINERO,descripcion_presupuesto_535,-6.0,dinero,202509
535,2025-10-01,DINERO,descripcion_presupuesto_535,-6.0,dinero,202510
535,2025-11-01,DINERO,descripcion_presupuesto_535,-6.0,dinero,202511
535,2025-12-01,DINERO,descripcion_presupuesto_535,-6.0,dinero,202512
536,2025-01-01,HOGAR,descripcion_presupuesto_536,-705006.0,regular,202501
536,2025-02-01,HOGAR,descripcion_presupuesto_536,-705006.0,regular,202502
536,2025-03-01,HOGAR,descripcion_presupuesto_536,-705006.0,regular,202503
536,2025-04-01,HOGAR,descripcion_presupuesto_536,-705006.0,regular,202504
536,2025-05-01,HOGAR,descripcion_presupuesto_536,-705006.0,regular,202505
536,2025-06-01,HOGAR,descripcion_presupuesto_536,-705006.0,regular,202506
537,2025-01-01,LIBRE,descripcion_presupuesto_537,-141006.0,regular,202501
537,2025-02-01,LIBRE,descripcion_presupuesto_537,-141006.0,regular,202502
537,2025-03-01,LIBRE,descripcion_presupuesto_537,-141006.0,regular,202503
537,2025-04-01,LIBRE,descripcion_presupuesto_537,-141006.0,regular,202504
537,2025-05-01,LIBRE,descripcion_presupuesto_537,-141006.0,regular,202505
537,2025-06-01,LIBRE,descripcion_presupuesto_537,-141006.0,regular,202506
538,2025-01-01,NECESIDAD,descripcion_presupuesto_538,-105756.0,regular,202501
538,2025-02-01,NECESIDAD,descripcion_presupuesto_538,-105756.0,regular,202502
538,2025-03-01,NECESIDAD,descripcion_presupuesto_538,-105756.0,regular,202503
538,2025-04-01,NECESIDAD,descripcion_presupuesto_538,-105756.0,regular,202504
538,2025-05-01,NECESIDAD,descripcion_presupuesto_538,-105756.0,regular,202505
538,2025-06-01,NECESIDAD,descripcion_presupuesto_538,-105756.0,regular,202506
539,2025-01-01,RECREACION,descripcion_presupuesto_539,-176256.0,regular,202501
539,2025-02-01,RECREACION,descripcion_presupuesto_539,-176256.0,regular,202502
539,2025-03-01,RECREACION,descripcion_presupuesto_539,-176256.0,regular,202503
539,2025-04-01,RECREACION,descripcion_presupuesto_539,-176256.0,regular,202504
539,2025-05-01,RECREACION,descripcion_presupuesto_539,-176256.0,regular,202505
539,2025-06-01,RECREACION,descripcion_presupuesto_539,-176256.0,regular,202506
540,2025-01-01,SUSCRIPCION,descripcion_presupuesto_540,-225606.0,regular,202501
540,2025-02-01,SUSCRIPCION,descripcion_presupuesto_540,-225606.0,regular,202502
540,2025-03-01,SUSCRIPCION,descripcion_presupuesto_540,-225606.0,regular,202503
540,2025-04-01,SUSCRIPCION,descripcion_presupuesto_540,-225606.0,regular,202504
540,2025-05-01,SUSCRIPCION,descripcion_presupuesto_540,-225606.0,regular,202505
540,2025-06-01,SUSCRIPCION,descripcion_presupuesto_540,-225606.0,regular,202506
542,2025-01-01,TRANSPORTE,descripcion_presupuesto_542,-14106.0,regular,202501
542,2025-02-01,TRANSPORTE,descripcion_presupuesto_542,-14106.0,regular,202502
542,2025-03-01,TRANSPORTE,descripcion_presupuesto_542,-14106.0,regular,202503
542,2025-04-01,TRANSPORTE,descripcion_presupuesto_542,-14106.0,regular,202504
542,2025-05-01,TRANSPORTE,descripcion_presupuesto_542,-14106.0,regular,202505
542,2025-06-01,TRANSPORTE,descripcion_presupuesto_542,-14106.0,regular,202506
556,2025-07-01,HOGAR,descripcion_presupuesto_556,-423006.0,regular,202507
556,2025-08-01,HOGAR,descripcion_presupuesto_556,-423006.0,regular,202508
556,2025-09-01,HOGAR,descripcion_presupuesto_556,-423006.0,regular,202509
556,2025-10-01,HOGAR,descripcion_presupuesto_556,-423006.0,regular,202510
556,2025-11-01,HOGAR,descripcion_presupuesto_556,-423006.0,regular,202511
556,2025-12-01,HOGAR,descripcion_presupuesto_556,-423006.0,regular,202512
557,2025-07-01,LIBRE,descripcion_presupuesto_557,-126906.0,regular,202507
557,2025-08-01,LIBRE,descripcion_presupuesto_557,-126906.0,regular,202508
557,2025-09-01,LIBRE,descripcion_presupuesto_557,-126906.0,regular,202509
557,2025-10-01,LIBRE,descripcion_presupuesto_557,-126906.0,regular,202510
557,2025-11-01,LIBRE,descripcion_presupuesto_557,-126906.0,regular,202511
557,2025-12-01,LIBRE,descripcion_presupuesto_557,-126906.0,regular,202512
558,2025-07-01,NECESIDAD,descripcion_presupuesto_558,-52881.0,regular,202507
558,2025-08-01,NECESIDAD,descripcion_presupuesto_558,-52881.0,regular,202508
558,2025-09-01,NECESIDAD,descripcion_presupuesto_558,-52881.0,regular,202509
558,2025-10-01,NECESIDAD,descripcion_presupuesto_558,-52881.0,regular,202510
558,2025-11-01,NECESIDAD,descripcion_presupuesto_558,-52881.0,regular,202511
558,2025-12-01,NECESIDAD,descripcion_presupuesto_558,-52881.0,regular,202512
559,2025-07-01,RECREACION,descripcion_presupuesto_559,-84606.0,regular,202507
559,2025-08-01,RECREACION,descripcion_presupuesto_559,-84606.0,regular,202508
559,2025-09-01,RECREACION,descripcion_presupuesto_559,-84606.0,regular,202509
559,2025-10-01,RECREACION,descripcion_presupuesto_559,-84606.0,regular,202510
559,2025-11-01,RECREACION,descripcion_presupuesto_559,-84606.0,regular,202511
559,2025-12-01,RECREACION,descripcion_presupuesto_559,-84606.0,regular,202512
560,2025-07-01,SUSCRIPCION,descripcion_presupuesto_560,-211506.0,regular,202507
560,2025-08-01,SUSCRIPCION,descripcion_presupuesto_560,-211506.0,regular,202508
560,2025-09-01,SUSCRIPCION,descripcion_presupuesto_560,-211506.0,regular,202509
560,2025-10-01,SUSCRIPCION,descripcion_presupuesto_560,-211506.0,regular,202510
560,2025-11-01,SUSCRIPCION,descripcion_presupuesto_560,-211506.0,regular,202511
560,2025-12-01,SUSCRIPCION,descripcion_presupuesto_560,-211506.0,regular,202512
561,2025-07-01,TRANSPORTE,descripcion_presupuesto_561,-14106.0,regular,202507
561,2025-08-01,TRANSPORTE,descripcion_presupuesto_561,-14106.0,regular,202508
561,2025-09-01,TRANSPORTE,descripcion_presupuesto_561,-14106.0,regular,202509
561,2025-10-01,TRANSPORTE,descripcion_presupuesto_561,-14106.0,regular,202510
561,2025-11-01,TRANSPORTE,descripcion_presupuesto_561,-14106.0,regular,202511
561,2025-12-01,TRANSPORTE,descripcion_presupuesto_561,-14106.0,regular,202512
569,2026-01-01,HOGAR,descripcion_presupuesto_569,-42306.0,regular,202601
569,2026-02-01,HOGAR,descripcion_presupuesto_569,-42306.0,regular,202602
569,2026-03-01,HOGAR,descripcion_presupuesto_569,-42306.0,regular,202603
569,2026-04-01,HOGAR,descripcion_presupuesto_569,-42306.0,regular,202604
569,2026-05-01,HOGAR,descripcion_presupuesto_569,-42306.0,regular,202605
569,2026-06-01,HOGAR,descripcion_presupuesto_569,-42306.0,regular,202606
569,2026-07-01,HOGAR,descripcion_presupuesto_569,-42306.0,regular,202607
569,2026-08-01,HOGAR,descripcion_presupuesto_569,-42306.0,regular,202608
569,2026-09-01,HOGAR,descripcion_presupuesto_569,-42306.0,regular,202609
569,2026-10-01,HOGAR,descripcion_presupuesto_569,-42306.0,regular,202610
569,2026-11-01,HOGAR,descripcion_presupuesto_569,-42306.0,regular,202611
569,2026-12-01,HOGAR,descripcion_presupuesto_569,-42306.0,regular,202612
570,2026-01-01,LIBRE,descripcion_presupuesto_570,-35256.0,regular,202601
570,2026-02-01,LIBRE,descripcion_presupuesto_570,-35256.0,regular,202602
570,2026-03-01,LIBRE,descripcion_presupuesto_570,-35256.0,regular,202603
570,2026-04-01,LIBRE,descripcion_presupuesto_570,-35256.0,regular,202604
570,2026-05-01,LIBRE,descripcion_presupuesto_570,-35256.0,regular,202605
570,2026-06-01,LIBRE,descripcion_presupuesto_570,-35256.0,regular,202606
570,2026-07-01,LIBRE,descripcion_presupuesto_570,-35256.0,regular,202607
570,2026-08-01,LIBRE,descripcion_presupuesto_570,-35256.0,regular,202608
570,2026-09-01,LIBRE,descripcion_presupuesto_570,-35256.0,regular,202609
570,2026-10-01,LIBRE,descripcion_presupuesto_570,-35256.0,regular,202610
570,2026-11-01,LIBRE,descripcion_presupuesto_570,-35256.0,regular,202611
570,2026-12-01,LIBRE,descripcion_presupuesto_570,-35256.0,regular,202612
571,2026-01-01,NECESIDAD,descripcion_presupuesto_571,-35256.0,regular,202601
571,2026-02-01,NECESIDAD,descripcion_presupuesto_571,-35256.0,regular,202602
571,2026-03-01,NECESIDAD,descripcion_presupuesto_571,-35256.0,regular,202603
571,2026-04-01,NECESIDAD,descripcion_presupuesto_571,-35256.0,regular,202604
571,2026-05-01,NECESIDAD,descripcion_presupuesto_571,-35256.0,regular,202605
571,2026-06-01,NECESIDAD,descripcion_presupuesto_571,-35256.0,regular,202606
571,2026-07-01,NECESIDAD,descripcion_presupuesto_571,-35256.0,regular,202607
571,2026-08-01,NECESIDAD,descripcion_presupuesto_571,-35256.0,regular,202608
571,2026-09-01,NECESIDAD,descripcion_presupuesto_571,-35256.0,regular,202609
571,2026-10-01,NECESIDAD,descripcion_presupuesto_571,-35256.0,regular,202610
571,2026-11-01,NECESIDAD,descripcion_presupuesto_571,-35256.0,regular,202611
571,2026-12-01,NECESIDAD,descripcion_presupuesto_571,-35256.0,regular,202612
572,2026-01-01,RECREACION,descripcion_presupuesto_572,-28206.0,regular,202601
572,2026-02-01,RECREACION,descripcion_presupuesto_572,-28206.0,regular,202602
572,2026-03-01,RECREACION,descripcion_presupuesto_572,-28206.0,regular,202603
572,2026-04-01,RECREACION,descripcion_presupuesto_572,-28206.0,regular,202604
572,2026-05-01,RECREACION,descripcion_presupuesto_572,-28206.0,regular,202605
572,2026-06-01,RECREACION,descripcion_presupuesto_572,-28206.0,regular,202606
572,2026-07-01,RECREACION,descripcion_presupuesto_572,-28206.0,regular,202607
572,2026-08-01,RECREACION,descripcion_presupuesto_572,-28206.0,regular,202608
572,2026-09-01,RECREACION,descripcion_presupuesto_572,-28206.0,regular,202609
572,2026-10-01,RECREACION,descripcion_presupuesto_572,-28206.0,regular,202610
572,2026-11-01,RECREACION,descripcion_presupuesto_572,-28206.0,regular,202611
572,2026-12-01,RECREACION,descripcion_presupuesto_572,-28206.0,regular,202612
573,2026-01-01,SUSCRIPCION,descripcion_presupuesto_573,-162156.0,regular,202601
573,2026-02-01,SUSCRIPCION,descripcion_presupuesto_573,-162156.0,regular,202602
573,2026-03-01,SUSCRIPCION,descripcion_presupuesto_573,-162156.0,regular,202603
573,2026-04-01,SUSCRIPCION,descripcion_presupuesto_573,-162156.0,regular,202604
573,2026-05-01,SUSCRIPCION,descripcion_presupuesto_573,-162156.0,regular,202605
573,2026-06-01,SUSCRIPCION,descripcion_presupuesto_573,-162156.0,regular,202606
573,2026-07-01,SUSCRIPCION,descripcion_presupuesto_573,-162156.0,regular,202607
573,2026-08-01,SUSCRIPCION,descripcion_presupuesto_573,-162156.0,regular,202608
573,2026-09-01,SUSCRIPCION,descripcion_presupuesto_573,-162156.0,regular,202609
573,2026-10-01,SUSCRIPCION,descripcion_presupuesto_573,-162156.0,regular,202610
573,2026-11-01,SUSCRIPCION,descripcion_presupuesto_573,-162156.0,regular,202611
573,2026-12-01,SUSCRIPCION,descripcion_presupuesto_573,-162156.0,regular,202612
574,2026-01-01,TRANSPORTE,descripcion_presupuesto_574,-14106.0,regular,202601
574,2026-02-01,TRANSPORTE,descripcion_presupuesto_574,-14106.0,regular,202602
574,2026-03-01,TRANSPORTE,descripcion_presupuesto_574,-14106.0,regular,202603
574,2026-04-01,TRANSPORTE,descripcion_presupuesto_574,-14106.0,regular,202604
574,2026-05-01,TRANSPORTE,descripcion_presupuesto_574,-14106.0,regular,202605
574,2026-06-01,TRANSPORTE,descripcion_presupuesto_574,-14106.0,regular,202606
574,2026-07-01,TRANSPORTE,descripcion_presupuesto_574,-14106.0,regular,202607
574,2026-08-01,TRANSPORTE,descripcion_presupuesto_574,-14106.0,regular,202608
574,2026-09-01,TRANSPORTE,descripcion_presupuesto_574,-14106.0,regular,202609
574,2026-10-01,TRANSPORTE,descripcion_presupuesto_574,-14106.0,regular,202610
574,2026-11-01,TRANSPORTE,descripcion_presupuesto_574,-14106.0,regular,202611
574,2026-12-01,TRANSPORTE,descripcion_presupuesto_574,-14106.0,regular,202612
