"id_presupuesto_mensual","inicio_mes","final_mes","razon_uso","descripcion","monto_presupuesto","id_presupuesto","descripcion_id","tipo_id","periodo_inicio","periodo_final"
8,2015-05-01,2015-05-31,P.VIAJE,descripcion_presupuesto_8,-225606.0,P016,descripcion_id_16,unico,201505,201505
9,2015-06-01,2015-06-30,P.GUSTOS,descripcion_presupuesto_9,-133956.0,P001,descripcion_id_1,recurrente,201506,201506
10,2015-06-01,2015-06-30,P.GUSTOS,descripcion_presupuesto_10,-77556.0,P012,descripcion_id_12,recurrente,201506,201506
11,2015-06-01,2015-06-30,P.FORMAL,descripcion_presupuesto_11,-98706.0,P011,descripcion_id_11,recurrente,201506,201506
12,2015-07-01,2015-07-31,P.GUSTOS,descripcion_presupuesto_12,-155106.0,P012,descripcion_id_12,recurrente,201507,201507
13,2015-07-01,2015-07-31,P.SALUD,descripcion_presupuesto_13,-105756.0,P014,descripcion_id_14,recurrente,201507,201507
14,2015-08-01,2015-08-31,P.FORMAL,descripcion_presupuesto_14,-190356.0,P015,descripcion_id_15,recurrente,201508,201508
15,2015-08-01,2015-08-31,P.VIAJE,descripcion_presupuesto_15,-141006.0,P017,descripcion_id_17,unico,201508,201508
16,2015-09-01,2015-09-30,P.VIAJE,descripcion_presupuesto_16,-123381.0,P016,descripcion_id_16,unico,201509,201509
17,2015-09-01,2015-09-30,P.VIAJE,descripcion_presupuesto_17,-24681.0,P017,descripcion_id_17,unico,201509,201509
18,2015-09-01,2015-09-30,P.FORMAL,descripcion_presupuesto_18,-105756.0,P011,descripcion_id_11,recurrente,201509,201509
19,2015-09-01,2015-09-30,P.GUSTOS,descripcion_presupuesto_19,-105756.0,P012,descripcion_id_12,recurrente,201509,201509
20,2015-09-01,2015-09-30,P.RECREACION,descripcion_presupuesto_20,-70506.0,P013,descripcion_id_13,recurrente,201509,201509
21,2015-11-01,2015-11-30,P.VIAJE,descripcion_presupuesto_21,-465306.0,P016,descripcion_id_16,unico,201511,201511
22,2015-12-01,2015-12-31,P.RECREACION,descripcion_presupuesto_22,-267906.0,P013,descripcion_id_13,recurrente,201512,201512
23,2015-12-01,2015-12-31,P.VIAJE,descripcion_presupuesto_23,-21156.0,P018,descripcion_id_18,unico,201512,201512
24,2016-01-01,2016-01-31,P.VIAJE,descripcion_presupuesto_24,-42306.0,P018,descripcion_id_18,unico,201601,201601
32,2016-02-01,2016-02-29,P.GUSTOS,descripcion_presupuesto_32,-521706.0,P012,descripcion_id_12,recurrente,201602,201602
33,2016-03-01,2016-03-31,P.FORMAL,descripcion_presupuesto_33,-282006.0,P011,descripcion_id_11,recurrente,201603,201603
34,2016-03-01,2016-03-31,P.SALUD,descripcion_presupuesto_34,-401856.0,P014,descripcion_id_14,recurrente,201603,201603
35,2016-04-01,2016-04-30,P.GUSTOS,descripcion_presupuesto_35,-705006.0,P012,descripcion_id_12,recurrente,201604,201604
36,2016-05-01,2016-05-31,P.VIAJE,descripcion_presupuesto_36,-105756.0,P020,descripcion_id_20,unico,201605,201605
37,2016-05-01,2016-05-31,P.FORMAL,descripcion_presupuesto_37,-1142106.0,P011,descripcion_id_11,recurrente,201605,201605
38,2016-05-01,2016-05-31,P.VIAJE,descripcion_presupuesto_38,-35256.0,P080,descripcion_id_80,unico,201605,201605
39,2016-06-01,2016-06-30,P.VIAJE,descripcion_presupuesto_39,-56406.0,P020,descripcion_id_20,unico,201606,201606
40,2016-06-01,2016-06-30,P.VIAJE,descripcion_presupuesto_40,42294.0,P019,descripcion_id_19,unico,201606,201606
41,2016-06-01,2016-06-30,P.FORMAL,descripcion_presupuesto_41,-172731.0,P015,descripcion_id_15,recurrente,201606,201606
42,2016-06-01,2016-06-30,P.GUSTOS,descripcion_presupuesto_42,-126906.0,P012,descripcion_id_12,recurrente,201606,201606
43,2016-07-01,2016-07-31,P.SALUD,descripcion_presupuesto_43,-190356.0,P014,descripcion_id_14,recurrente,201607,201607
44,2016-08-01,2016-08-31,P.GUSTOS,descripcion_presupuesto_44,-274956.0,P001,descripcion_id_1,recurrente,201608,201608
45,2016-08-01,2016-08-31,P.GUSTOS,descripcion_presupuesto_45,-63456.0,P005,descripcion_id_5,recurrente,201608,201608
46,2016-09-01,2016-09-30,P.VIAJE,descripcion_presupuesto_46,-274956.0,P021,descripcion_id_21,unico,201609,201609
47,2016-09-01,2016-09-30,P.VIAJE,descripcion_presupuesto_47,-930606.0,P019,descripcion_id_19,unico,201609,201609
48,2016-09-01,2016-09-30,P.FORMAL,descripcion_presupuesto_48,-493506.0,P011,descripcion_id_11,recurrente,201609,201609
49,2016-09-01,2016-09-30,P.GUSTOS,descripcion_presupuesto_49,-105756.0,P005,descripcion_id_5,recurrente,201609,201609
50,2016-10-01,2016-10-31,P.GUSTOS,descripcion_presupuesto_50,-91656.0,P005,descripcion_id_5,recurrente,201610,201610
51,2016-10-01,2016-10-31,P.GUSTOS,descripcion_presupuesto_51,-423006.0,P012,descripcion_id_12,recurrente,201610,201610
52,2016-10-01,2016-10-31,P.VIAJE,descripcion_presupuesto_52,-606306.0,P019,descripcion_id_19,unico,201610,201610
53,2016-10-01,2016-10-31,P.VIAJE,descripcion_presupuesto_53,-606306.0,P022,descripcion_id_22,unico,201610,201610
54,2016-12-01,2016-12-31,P.VIAJE,descripcion_presupuesto_54,-63456.0,P023,descripcion_id_23,unico,201612,201612
55,2016-12-01,2016-12-31,P.VIAJE,descripcion_presupuesto_55,-56406.0,P024,descripcion_id_24,unico,201612,201612
56,2016-12-01,2016-12-31,P.VIAJE,descripcion_presupuesto_56,-218556.0,P022,descripcion_id_22,unico,201612,201612
57,2016-12-01,2016-12-31,P.RECREACION,descripcion_presupuesto_57,-148056.0,P013,descripcion_id_13,recurrente,201612,201612
58,2017-01-01,2017-01-31,P.VIAJE,descripcion_presupuesto_58,-366606.0,P022,descripcion_id_22,unico,201701,201701
59,2017-01-01,2017-01-31,P.VIAJE,descripcion_presupuesto_59,-21156.0,P024,descripcion_id_24,unico,201701,201701
60,2017-01-01,2017-01-31,P.FORMAL,descripcion_presupuesto_60,-84606.0,P011,descripcion_id_11,recurrente,201701,201701
68,2017-03-01,2017-03-31,P.VIAJE,descripcion_presupuesto_68,-979956.0,P022,descripcion_id_22,unico,201703,201703
69,2017-03-01,2017-03-31,P.VIAJE,descripcion_presupuesto_69,-331356.0,P025,descripcion_id_25,unico,201703,201703
70,2017-03-01,2017-03-31,P.VIAJE,descripcion_presupuesto_70,-204456.0,P026,descripcion_id_26,unico,201703,201703
71,2017-05-01,2017-05-31,P.VIAJE,descripcion_presupuesto_71,-21156.0,P025,descripcion_id_25,unico,201705,201705
72,2017-05-01,2017-05-31,P.VIAJE,descripcion_presupuesto_72,-324306.0,P026,descripcion_id_26,unico,201705,201705
73,2017-05-01,2017-05-31,P.FORMAL,descripcion_presupuesto_73,-162156.0,P011,descripcion_id_11,recurrente,201705,201705
74,2017-05-01,2017-05-31,P.GUSTOS,descripcion_presupuesto_74,-705006.0,P001,descripcion_id_1,recurrente,201705,201705
75,2017-05-01,2017-05-31,P.RECREACION,descripcion_presupuesto_75,-186831.0,P013,descripcion_id_13,recurrente,201705,201705
76,2017-06-01,2017-06-30,P.FORMAL,descripcion_presupuesto_76,-176256.0,P015,descripcion_id_15,recurrente,201706,201706
77,2017-06-01,2017-06-30,P.GUSTOS,descripcion_presupuesto_77,-592206.0,P001,descripcion_id_1,recurrente,201706,201706
78,2017-06-01,2017-06-30,P.GUSTOS,descripcion_presupuesto_78,-30321.0,P008,descripcion_id_8,recurrente,201706,201706
79,2017-06-01,2017-06-30,P.GUSTOS,descripcion_presupuesto_79,-528756.0,P005,descripcion_id_5,recurrente,201706,201706
80,2017-06-01,2017-06-30,P.RECREACION,descripcion_presupuesto_80,-52881.0,P027,descripcion_id_27,recurrente,201706,201706
81,2017-06-01,2017-06-30,P.VIAJE,descripcion_presupuesto_81,-540741.0,P025,descripcion_id_25,unico,201706,201706
82,2017-07-01,2017-07-31,P.GUSTOS,descripcion_presupuesto_82,-42306.0,P001,descripcion_id_1,recurrente,201707,201707
83,2017-07-01,2017-07-31,P.VIAJE,descripcion_presupuesto_83,-35256.0,P028,descripcion_id_28,unico,201707,201707
84,2017-07-01,2017-07-31,P.VIAJE,descripcion_presupuesto_84,-169206.0,P030,descripcion_id_30,unico,201707,201707
85,2017-07-01,2017-07-31,P.VIAJE,descripcion_presupuesto_85,-345456.0,P029,descripcion_id_29,unico,201707,201707
86,2017-08-01,2017-08-31,P.VIAJE,descripcion_presupuesto_86,-35256.0,P028,descripcion_id_28,unico,201708,201708
87,2017-08-01,2017-08-31,P.VIAJE,descripcion_presupuesto_87,-137481.0,P026,descripcion_id_26,unico,201708,201708
88,2017-09-01,2017-09-30,P.VIAJE,descripcion_presupuesto_88,-91656.0,P029,descripcion_id_29,unico,201709,201709
89,2017-09-01,2017-09-30,P.VIAJE,descripcion_presupuesto_89,-49356.0,P030,descripcion_id_30,unico,201709,201709
90,2017-09-01,2017-09-30,P.VIAJE,descripcion_presupuesto_90,45819.0,P026,descripcion_id_26,unico,201709,201709
91,2017-09-01,2017-09-30,P.FORMAL,descripcion_presupuesto_91,-564006.0,P011,descripcion_id_11,recurrente,201709,201709
92,2017-09-01,2017-09-30,P.RECREACION,descripcion_presupuesto_92,-423006.0,P013,descripcion_id_13,recurrente,201709,201709
93,2017-10-01,2017-10-31,P.RECREACION,descripcion_presupuesto_93,-42306.0,P027,descripcion_id_27,recurrente,201710,201710
94,2017-10-01,2017-10-31,P.RECREACION,descripcion_presupuesto_94,-3531.0,P008,descripcion_id_8,recurrente,201710,201710
95,2017-10-01,2017-10-31,P.VIAJE,descripcion_presupuesto_95,-21156.0,P026,descripcion_id_26,unico,201710,201710
96,2017-10-01,2017-10-31,P.VIAJE,descripcion_presupuesto_96,-35256.0,P029,descripcion_id_29,unico,201710,201710
97,2017-11-01,2017-11-30,P.VIAJE,descripcion_presupuesto_97,-888306.0,P031,descripcion_id_31,unico,201711,201711
98,2017-11-01,2017-11-30,P.VIAJE,descripcion_presupuesto_98,-112806.0,P032,descripcion_id_32,unico,201711,201711
99,2017-12-01,2017-12-31,P.RECREACION,descripcion_presupuesto_99,-289056.0,P013,descripcion_id_13,recurrente,201712,201712
100,2017-12-01,2017-12-31,P.VIAJE,descripcion_presupuesto_100,-52881.0,P034,descripcion_id_34,unico,201712,201712
101,2017-12-01,2017-12-31,P.VIAJE,descripcion_presupuesto_101,-133956.0,P033,descripcion_id_33,unico,201712,201712
102,2017-12-01,2017-12-31,P.VIAJE,descripcion_presupuesto_102,-137481.0,P034,descripcion_id_34,unico,201712,201712
103,2017-12-01,2017-12-31,P.VIAJE,descripcion_presupuesto_103,112794.0,P031,descripcion_id_31,unico,201712,201712
104,2018-01-01,2018-01-31,P.VIAJE,descripcion_presupuesto_104,-162156.0,P032,descripcion_id_32,unico,201801,201801
105,2018-01-01,2018-01-31,P.VIAJE,descripcion_presupuesto_105,-197406.0,P035,descripcion_id_35,unico,201801,201801
106,2018-01-01,2018-01-31,P.FORMAL,descripcion_presupuesto_106,-458256.0,P011,descripcion_id_11,recurrente,201801,201801
107,2018-01-01,2018-01-31,P.FORMAL,descripcion_presupuesto_107,-54079.5,P064,descripcion_id_64,recurrente,201801,201801
115,2018-02-01,2018-02-28,P.VIAJE,descripcion_presupuesto_115,-63456.0,P034,descripcion_id_34,unico,201802,201802
116,2018-02-01,2018-02-28,P.FORMAL,descripcion_presupuesto_116,-21508.5,P064,descripcion_id_64,recurrente,201802,201802
117,2018-03-01,2018-03-31,P.FORMAL,descripcion_presupuesto_117,-49356.0,P015,descripcion_id_15,recurrente,201803,201803
118,2018-03-01,2018-03-31,P.VIAJE,descripcion_presupuesto_118,-267906.0,P035,descripcion_id_35,unico,201803,201803
119,2018-04-01,2018-04-30,P.FORMAL,descripcion_presupuesto_119,-35256.0,P015,descripcion_id_15,recurrente,201804,201804
120,2018-04-01,2018-04-30,P.FORMAL,descripcion_presupuesto_120,-211506.0,P011,descripcion_id_11,recurrente,201804,201804
121,2018-04-01,2018-04-30,P.SALUD,descripcion_presupuesto_121,-105756.0,P014,descripcion_id_14,recurrente,201804,201804
122,2018-04-01,2018-04-30,P.VIAJE,descripcion_presupuesto_122,-112806.0,P032,descripcion_id_32,unico,201804,201804
123,2018-05-01,2018-05-31,P.GUSTOS,descripcion_presupuesto_123,-1938756.0,P012,descripcion_id_12,recurrente,201805,201805
124,2018-05-01,2018-05-31,P.GUSTOS,descripcion_presupuesto_124,-544266.0,P001,descripcion_id_1,recurrente,201805,201805
125,2018-05-01,2018-05-31,P.VIAJE,descripcion_presupuesto_125,-352506.0,P032,descripcion_id_32,unico,201805,201805
126,2018-05-01,2018-05-31,P.VIAJE,descripcion_presupuesto_126,-141006.0,P036,descripcion_id_36,unico,201805,201805
127,2018-05-01,2018-05-31,P.RECREACION,descripcion_presupuesto_127,-70506.0,P013,descripcion_id_13,recurrente,201805,201805
128,2018-05-01,2018-05-31,P.SALUD,descripcion_presupuesto_128,-282006.0,P014,descripcion_id_14,recurrente,201805,201805
129,2018-05-01,2018-05-31,P.VIAJE,descripcion_presupuesto_129,-211506.0,P035,descripcion_id_35,unico,201805,201805
130,2018-06-01,2018-06-30,P.GUSTOS,descripcion_presupuesto_130,-282006.0,P012,descripcion_id_12,recurrente,201806,201806
131,2018-06-01,2018-06-30,P.GUSTOS,descripcion_presupuesto_131,-634506.0,P002,descripcion_id_2,recurrente,201806,201806
132,2018-06-01,2018-06-30,P.GUSTOS,descripcion_presupuesto_132,-211506.0,P001,descripcion_id_1,recurrente,201806,201806
133,2018-06-01,2018-06-30,P.VIAJE,descripcion_presupuesto_133,-239706.0,P035,descripcion_id_35,unico,201806,201806
134,2018-06-01,2018-06-30,P.FORMAL,descripcion_presupuesto_134,-141006.0,P015,descripcion_id_15,recurrente,201806,201806
135,2018-07-01,2018-07-31,P.FORMAL,descripcion_presupuesto_135,-176256.0,P011,descripcion_id_11,recurrente,201807,201807
136,2018-07-01,2018-07-31,P.FORMAL,descripcion_presupuesto_136,-211506.0,P015,descripcion_id_15,recurrente,201807,201807
137,2018-07-01,2018-07-31,P.GUSTOS,descripcion_presupuesto_137,-70506.0,P002,descripcion_id_2,recurrente,201807,201807
138,2018-07-01,2018-07-31,P.VIAJE,descripcion_presupuesto_138,-112806.0,P035,descripcion_id_35,unico,201807,201807
139,2018-08-01,2018-08-31,P.GUSTOS,descripcion_presupuesto_139,-141006.0,P001,descripcion_id_1,recurrente,201808,201808
140,2018-08-01,2018-08-31,P.GUSTOS,descripcion_presupuesto_140,-282006.0,P002,descripcion_id_2,recurrente,201808,201808
141,2018-08-01,2018-08-31,P.GUSTOS,descripcion_presupuesto_141,-63456.0,P003,descripcion_id_3,recurrente,201808,201808
142,2018-08-01,2018-08-31,P.GUSTOS,descripcion_presupuesto_142,-10581.0,P005,descripcion_id_5,recurrente,201808,201808
143,2018-08-01,2018-08-31,P.GUSTOS,descripcion_presupuesto_143,-63456.0,P008,descripcion_id_8,recurrente,201808,201808
144,2018-08-01,2018-08-31,P.RECREACION,descripcion_presupuesto_144,-253806.0,P013,descripcion_id_13,recurrente,201808,201808
145,2018-09-01,2018-09-30,P.GUSTOS,descripcion_presupuesto_145,-105756.0,P012,descripcion_id_12,recurrente,201809,201809
146,2018-09-01,2018-09-30,P.GUSTOS,descripcion_presupuesto_146,-141006.0,P003,descripcion_id_3,recurrente,201809,201809
147,2018-09-01,2018-09-30,P.GUSTOS,descripcion_presupuesto_147,-84606.0,P005,descripcion_id_5,recurrente,201809,201809
148,2018-09-01,2018-09-30,P.RECREACION,descripcion_presupuesto_148,-105756.0,P013,descripcion_id_13,recurrente,201809,201809
149,2018-09-01,2018-09-30,P.FORMAL,descripcion_presupuesto_149,-352506.0,P011,descripcion_id_11,recurrente,201809,201809
150,2018-10-01,2018-10-31,P.RECREACION,descripcion_presupuesto_150,-190356.0,P027,descripcion_id_27,recurrente,201810,201810
151,2018-10-01,2018-10-31,P.RECREACION,descripcion_presupuesto_151,-70365.0,P013,descripcion_id_13,recurrente,201810,201810
152,2018-10-01,2018-10-31,P.FORMAL,descripcion_presupuesto_152,-239706.0,P011,descripcion_id_11,recurrente,201810,201810
153,2018-10-01,2018-10-31,P.GUSTOS,descripcion_presupuesto_153,-105756.0,P012,descripcion_id_12,recurrente,201810,201810
154,2018-11-01,2018-11-30,P.VIAJE,descripcion_presupuesto_154,-204456.0,P037,descripcion_id_37,unico,201811,201811
155,2018-11-01,2018-11-30,P.VIAJE,descripcion_presupuesto_155,-83830.5,P038,descripcion_id_38,unico,201811,201811
156,2018-11-01,2018-11-30,P.GUSTOS,descripcion_presupuesto_156,-70506.0,P012,descripcion_id_12,recurrente,201811,201811
157,2018-11-01,2018-11-30,P.SALUD,descripcion_presupuesto_157,-40403.909999999996,P014,descripcion_id_14,recurrente,201811,201811
158,2018-12-01,2018-12-31,P.VIAJE,descripcion_presupuesto_158,-211506.0,P032,descripcion_id_32,unico,201812,201812
159,2018-12-01,2018-12-31,P.GUSTOS,descripcion_presupuesto_159,-141006.0,P001,descripcion_id_1,recurrente,201812,201812
160,2018-12-01,2018-12-31,P.RECREACION,descripcion_presupuesto_160,-423006.0,P013,descripcion_id_13,recurrente,201812,201812
161,2019-01-01,2019-01-31,P.FORMAL,descripcion_presupuesto_161,-91656.0,P011,descripcion_id_11,recurrente,201901,201901
162,2019-01-01,2019-01-31,P.GUSTOS,descripcion_presupuesto_162,-141006.0,P001,descripcion_id_1,recurrente,201901,201901
163,2019-01-01,2019-01-31,P.SALUD,descripcion_presupuesto_163,-35256.0,P014,descripcion_id_14,recurrente,201901,201901
164,2019-01-01,2019-01-31,P.VIAJE,descripcion_presupuesto_164,-42306.0,P037,descripcion_id_37,unico,201901,201901
165,2019-01-01,2019-01-31,P.VIAJE,descripcion_presupuesto_165,-70506.0,P038,descripcion_id_38,unico,201901,201901
173,2019-02-01,2019-02-28,P.VIAJE,descripcion_presupuesto_173,63444.0,P038,descripcion_id_38,unico,201902,201902
174,2019-02-01,2019-02-28,P.VIAJE,descripcion_presupuesto_174,-84606.0,P039,descripcion_id_39,unico,201902,201902
175,2019-02-01,2019-02-28,P.VIAJE,descripcion_presupuesto_175,-42306.0,P037,descripcion_id_37,unico,201902,201902
176,2019-02-01,2019-02-28,P.SALUD,descripcion_presupuesto_176,-127540.5,P014,descripcion_id_14,recurrente,201902,201902
177,2019-03-01,2019-03-31,P.VIAJE,descripcion_presupuesto_177,-176256.0,P041,descripcion_id_41,unico,201903,201903
178,2019-03-01,2019-03-31,P.VIAJE,descripcion_presupuesto_178,-310206.0,P037,descripcion_id_37,unico,201903,201903
179,2019-03-01,2019-03-31,P.VIAJE,descripcion_presupuesto_179,-141006.0,P040,descripcion_id_40,unico,201903,201903
180,2019-03-01,2019-03-31,P.VIAJE,descripcion_presupuesto_180,-655656.0,P039,descripcion_id_39,unico,201903,201903
181,2019-03-01,2019-03-31,P.FORMAL,descripcion_presupuesto_181,-225606.0,P011,descripcion_id_11,recurrente,201903,201903
182,2019-03-01,2019-03-31,P.MANUAL,descripcion_presupuesto_182,-28206.0,P009,descripcion_id_9,recurrente,201903,201903
183,2019-04-01,2019-04-30,P.FORMAL,descripcion_presupuesto_183,-35256.0,P015,descripcion_id_15,recurrente,201904,201904
184,2019-04-01,2019-04-30,P.FORMAL,descripcion_presupuesto_184,-380706.0,P011,descripcion_id_11,recurrente,201904,201904
185,2019-04-01,2019-04-30,P.GUSTOS,descripcion_presupuesto_185,-620406.0,P001,descripcion_id_1,recurrente,201904,201904
186,2019-04-01,2019-04-30,P.GUSTOS,descripcion_presupuesto_186,-70506.0,P003,descripcion_id_3,recurrente,201904,201904
187,2019-04-01,2019-04-30,P.GUSTOS,descripcion_presupuesto_187,-70506.0,P012,descripcion_id_12,recurrente,201904,201904
188,2019-04-01,2019-04-30,P.MANUAL,descripcion_presupuesto_188,-21156.0,P009,descripcion_id_9,recurrente,201904,201904
189,2019-04-01,2019-04-30,P.VIAJE,descripcion_presupuesto_189,-282006.0,P042,descripcion_id_42,unico,201904,201904
190,2019-05-01,2019-05-31,P.VIAJE,descripcion_presupuesto_190,-211506.0,P079,descripcion_id_79,unico,201905,201905
191,2019-05-01,2019-05-31,P.VIAJE,descripcion_presupuesto_191,63796.5,P038,descripcion_id_38,unico,201905,201905
192,2019-05-01,2019-05-31,P.VIAJE,descripcion_presupuesto_192,-27148.5,P041,descripcion_id_41,unico,201905,201905
193,2019-05-01,2019-05-31,P.GUSTOS,descripcion_presupuesto_193,-63456.0,P003,descripcion_id_3,recurrente,201905,201905
194,2019-05-01,2019-05-31,P.GUSTOS,descripcion_presupuesto_194,-352506.0,P008,descripcion_id_8,recurrente,201905,201905
195,2019-05-01,2019-05-31,P.GUSTOS,descripcion_presupuesto_195,-271431.0,P012,descripcion_id_12,recurrente,201905,201905
196,2019-05-01,2019-05-31,P.RECREACION,descripcion_presupuesto_196,-84606.0,P027,descripcion_id_27,recurrente,201905,201905
197,2019-05-01,2019-05-31,P.MANUAL,descripcion_presupuesto_197,-70506.0,P009,descripcion_id_9,recurrente,201905,201905
198,2019-05-01,2019-05-31,P.RECREACION,descripcion_presupuesto_198,-944706.0,P013,descripcion_id_13,recurrente,201905,201905
199,2019-05-01,2019-05-31,P.SALUD,descripcion_presupuesto_199,-443662.5,P014,descripcion_id_14,recurrente,201905,201905
200,2019-06-01,2019-06-30,P.VIAJE,descripcion_presupuesto_200,-141006.0,P043,descripcion_id_43,unico,201906,201906
201,2019-06-01,2019-06-30,P.VIAJE,descripcion_presupuesto_201,-352506.0,P040,descripcion_id_40,unico,201906,201906
202,2019-06-01,2019-06-30,P.FORMAL,descripcion_presupuesto_202,-85593.0,P015,descripcion_id_15,recurrente,201906,201906
203,2019-06-01,2019-06-30,P.GUSTOS,descripcion_presupuesto_203,-188241.0,P001,descripcion_id_1,recurrente,201906,201906
204,2019-06-01,2019-06-30,P.SALUD,descripcion_presupuesto_204,-186126.0,P014,descripcion_id_14,recurrente,201906,201906
205,2019-07-01,2019-07-31,P.FORMAL,descripcion_presupuesto_205,-222081.0,P015,descripcion_id_15,recurrente,201907,201907
206,2019-07-01,2019-07-31,P.MANUAL,descripcion_presupuesto_206,-70506.0,P009,descripcion_id_9,recurrente,201907,201907
207,2019-07-01,2019-07-31,P.RECREACION,descripcion_presupuesto_207,-246756.0,P013,descripcion_id_13,recurrente,201907,201907
208,2019-07-01,2019-07-31,P.SALUD,descripcion_presupuesto_208,-29682.975,P014,descripcion_id_14,recurrente,201907,201907
209,2019-07-01,2019-07-31,P.VIAJE,descripcion_presupuesto_209,-105756.0,P078,descripcion_id_78,unico,201907,201907
210,2019-08-01,2019-08-31,P.VIAJE,descripcion_presupuesto_210,-105756.0,P044,descripcion_id_44,unico,201908,201908
211,2019-08-01,2019-08-31,P.VIAJE,descripcion_presupuesto_211,-176256.0,P045,descripcion_id_45,unico,201908,201908
212,2019-08-01,2019-08-31,P.VIAJE,descripcion_presupuesto_212,-222433.5,P041,descripcion_id_41,unico,201908,201908
213,2019-08-01,2019-08-31,P.GUSTOS,descripcion_presupuesto_213,-105756.0,P005,descripcion_id_5,recurrente,201908,201908
214,2019-08-01,2019-08-31,P.MANUAL,descripcion_presupuesto_214,-70506.0,P009,descripcion_id_9,recurrente,201908,201908
215,2019-08-01,2019-08-31,P.RECREACION,descripcion_presupuesto_215,-105756.0,P013,descripcion_id_13,recurrente,201908,201908
216,2019-08-01,2019-08-31,P.SALUD,descripcion_presupuesto_216,-282006.0,P014,descripcion_id_14,recurrente,201908,201908
217,2019-09-01,2019-09-30,P.VIAJE,descripcion_presupuesto_217,-246756.0,P041,descripcion_id_41,unico,201909,201909
218,2019-09-01,2019-09-30,P.VIAJE,descripcion_presupuesto_218,-155106.0,P045,descripcion_id_45,unico,201909,201909
219,2019-09-01,2019-09-30,P.VIAJE,descripcion_presupuesto_219,-211506.0,P046,descripcion_id_46,unico,201909,201909
220,2019-09-01,2019-09-30,P.MANUAL,descripcion_presupuesto_220,-70506.0,P013,descripcion_id_13,recurrente,201909,201909
221,2019-09-01,2019-09-30,P.MANUAL,descripcion_presupuesto_221,-105756.0,P009,descripcion_id_9,recurrente,201909,201909
222,2019-10-01,2019-10-31,P.FORMAL,descripcion_presupuesto_222,-176256.0,P011,descripcion_id_11,recurrente,201910,201910
223,2019-10-01,2019-10-31,P.GUSTOS,descripcion_presupuesto_223,-1240806.0,P002,descripcion_id_2,recurrente,201910,201910
224,2019-10-01,2019-10-31,P.GUSTOS,descripcion_presupuesto_224,-70506.0,P001,descripcion_id_1,recurrente,201910,201910
225,2019-10-01,2019-10-31,P.MANUAL,descripcion_presupuesto_225,-70506.0,P009,descripcion_id_9,recurrente,201910,201910
226,2019-10-01,2019-10-31,P.RECREACION,descripcion_presupuesto_226,-91656.0,P027,descripcion_id_27,recurrente,201910,201910
227,2019-10-01,2019-10-31,P.VIAJE,descripcion_presupuesto_227,-35256.0,P003,descripcion_id_3,recurrente,201910,201910
228,2019-10-01,2019-10-31,P.VIAJE,descripcion_presupuesto_228,-500556.0,P001,descripcion_id_1,recurrente,201910,201910
229,2019-10-01,2019-10-31,P.VIAJE,descripcion_presupuesto_229,-246756.0,P041,descripcion_id_41,unico,201910,201910
230,2019-11-01,2019-11-30,P.GUSTOS,descripcion_presupuesto_230,-444156.0,P012,descripcion_id_12,recurrente,201911,201911
231,2019-11-01,2019-11-30,P.GUSTOS,descripcion_presupuesto_231,-625529.235,P001,descripcion_id_1,recurrente,201911,201911
232,2019-11-01,2019-11-30,P.RECREACION,descripcion_presupuesto_232,-70506.0,P013,descripcion_id_13,recurrente,201911,201911
233,2019-11-01,2019-11-30,P.FORMAL,descripcion_presupuesto_233,-352506.0,P011,descripcion_id_11,recurrente,201911,201911
234,2019-11-01,2019-11-30,P.MANUAL,descripcion_presupuesto_234,-105756.0,P009,descripcion_id_9,recurrente,201911,201911
235,2019-11-01,2019-11-30,P.VIAJE,descripcion_presupuesto_235,-846006.0,P047,descripcion_id_47,unico,201911,201911
236,2019-11-01,2019-11-30,P.VIAJE,descripcion_presupuesto_236,-528756.0,P046,descripcion_id_46,unico,201911,201911
237,2019-12-01,2019-12-31,P.VIAJE,descripcion_presupuesto_237,-775506.0,P046,descripcion_id_46,unico,201912,201912
238,2019-12-01,2019-12-31,P.VIAJE,descripcion_presupuesto_238,331344.0,P047,descripcion_id_47,unico,201912,201912
239,2019-12-01,2019-12-31,P.GUSTOS,descripcion_presupuesto_239,-225606.0,P001,descripcion_id_1,recurrente,201912,201912
240,2019-12-01,2019-12-31,P.MANUAL,descripcion_presupuesto_240,-105756.0,P009,descripcion_id_9,recurrente,201912,201912
241,2019-12-01,2019-12-31,P.RECREACION,descripcion_presupuesto_241,-352506.0,P013,descripcion_id_13,recurrente,201912,201912
242,2020-01-01,2020-01-31,P.VIAJE,descripcion_presupuesto_242,-141006.0,P048,descripcion_id_48,unico,202001,202001
243,2020-01-01,2020-01-31,P.VIAJE,descripcion_presupuesto_243,10569.0,P047,descripcion_id_47,unico,202001,202001
244,2020-01-01,2020-01-31,P.VIAJE,descripcion_presupuesto_244,-141006.0,P049,descripcion_id_49,unico,202001,202001
245,2020-01-01,2020-01-31,P.FORMAL,descripcion_presupuesto_245,-148910.46,P064,descripcion_id_64,recurrente,202001,202001
246,2020-01-01,2020-01-31,P.MANUAL,descripcion_presupuesto_246,-105756.0,P009,descripcion_id_9,recurrente,202001,202001
255,2020-02-01,2020-02-29,P.VIAJE,descripcion_presupuesto_255,84594.0,P047,descripcion_id_47,unico,202002,202002
256,2020-02-01,2020-02-29,P.GUSTOS,descripcion_presupuesto_256,-176256.0,P001,descripcion_id_1,recurrente,202002,202002
257,2020-02-01,2020-02-29,P.MANUAL,descripcion_presupuesto_257,-98706.0,P009,descripcion_id_9,recurrente,202002,202002
258,2020-03-01,2020-03-31,P.MANUAL,descripcion_presupuesto_258,-98706.0,P009,descripcion_id_9,recurrente,202003,202003
259,2020-03-01,2020-03-31,P.VIAJE,descripcion_presupuesto_259,-535806.0,P047,descripcion_id_47,unico,202003,202003
260,2020-03-01,2020-03-31,P.VIAJE,descripcion_presupuesto_260,-28206.0,P003,descripcion_id_3,recurrente,202003,202003
261,2020-04-01,2020-04-30,P.FORMAL,descripcion_presupuesto_261,-239706.0,P011,descripcion_id_11,recurrente,202004,202004
262,2020-04-01,2020-04-30,P.GUSTOS,descripcion_presupuesto_262,-352506.0,P001,descripcion_id_1,recurrente,202004,202004
263,2020-04-01,2020-04-30,P.GUSTOS,descripcion_presupuesto_263,-352506.0,P002,descripcion_id_2,recurrente,202004,202004
264,2020-04-01,2020-04-30,P.GUSTOS,descripcion_presupuesto_264,-141006.0,P006,descripcion_id_6,recurrente,202004,202004
265,2020-04-01,2020-04-30,P.GUSTOS,descripcion_presupuesto_265,-56406.0,P003,descripcion_id_3,recurrente,202004,202004
266,2020-05-01,2020-05-31,P.GUSTOS,descripcion_presupuesto_266,-70506.0,P008,descripcion_id_8,recurrente,202005,202005
267,2020-05-01,2020-05-31,P.GUSTOS,descripcion_presupuesto_267,-282006.0,P003,descripcion_id_3,recurrente,202005,202005
268,2020-05-01,2020-05-31,P.GUSTOS,descripcion_presupuesto_268,-282006.0,P005,descripcion_id_5,recurrente,202005,202005
269,2020-05-01,2020-05-31,P.GUSTOS,descripcion_presupuesto_269,-564006.0,P001,descripcion_id_1,recurrente,202005,202005
270,2020-05-01,2020-05-31,P.GUSTOS,descripcion_presupuesto_270,-564006.0,P002,descripcion_id_2,recurrente,202005,202005
271,2020-05-01,2020-05-31,P.GUSTOS,descripcion_presupuesto_271,-112806.0,P012,descripcion_id_12,recurrente,202005,202005
272,2020-05-01,2020-05-31,P.MANUAL,descripcion_presupuesto_272,-70506.0,P009,descripcion_id_9,recurrente,202005,202005
273,2020-05-01,2020-05-31,P.RECREACION,descripcion_presupuesto_273,-1057506.0,P013,descripcion_id_13,recurrente,202005,202005
274,2020-06-01,2020-06-30,P.RECREACION,descripcion_presupuesto_274,-105756.0,P013,descripcion_id_13,recurrente,202006,202006
275,2020-06-01,2020-06-30,P.FORMAL,descripcion_presupuesto_275,-88131.0,P015,descripcion_id_15,recurrente,202006,202006
276,2020-06-01,2020-06-30,P.GUSTOS,descripcion_presupuesto_276,-1762506.0,P001,descripcion_id_1,recurrente,202006,202006
277,2020-07-01,2020-07-31,P.GUSTOS,descripcion_presupuesto_277,-3384006.0,P001,descripcion_id_1,recurrente,202007,202007
278,2020-07-01,2020-07-31,P.GUSTOS,descripcion_presupuesto_278,-141006.0,P003,descripcion_id_3,recurrente,202007,202007
279,2020-07-01,2020-07-31,P.MANUAL,descripcion_presupuesto_279,-352506.0,P009,descripcion_id_9,recurrente,202007,202007
280,2020-08-01,2020-08-31,P.GUSTOS,descripcion_presupuesto_280,-564006.0,P001,descripcion_id_1,recurrente,202008,202008
281,2020-08-01,2020-08-31,P.GUSTOS,descripcion_presupuesto_281,-35256.0,P003,descripcion_id_3,recurrente,202008,202008
282,2020-08-01,2020-08-31,P.GUSTOS,descripcion_presupuesto_282,-35256.0,P005,descripcion_id_5,recurrente,202008,202008
283,2020-08-01,2020-08-31,P.GUSTOS,descripcion_presupuesto_283,-70506.0,P002,descripcion_id_2,recurrente,202008,202008
284,2020-08-01,2020-08-31,P.MANUAL,descripcion_presupuesto_284,-352506.0,P009,descripcion_id_9,recurrente,202008,202008
285,2020-08-01,2020-08-31,P.RECREACION,descripcion_presupuesto_285,-1410006.0,P013,descripcion_id_13,recurrente,202008,202008
286,2020-09-01,2020-09-30,P.GUSTOS,descripcion_presupuesto_286,-3877506.0,P001,descripcion_id_1,recurrente,202009,202009
287,2020-09-01,2020-09-30,P.GUSTOS,descripcion_presupuesto_287,-70506.0,P008,descripcion_id_8,recurrente,202009,202009
288,2020-09-01,2020-09-30,P.GUSTOS,descripcion_presupuesto_288,-282006.0,P003,descripcion_id_3,recurrente,202009,202009
289,2020-09-01,2020-09-30,P.RECREACION,descripcion_presupuesto_289,-2538006.0,P013,descripcion_id_13,recurrente,202009,202009
290,2020-09-01,2020-09-30,P.FORMAL,descripcion_presupuesto_290,-176256.0,P011,descripcion_id_11,recurrente,202009,202009
291,2020-09-01,2020-09-30,P.MANUAL,descripcion_presupuesto_291,-70506.0,P009,descripcion_id_9,recurrente,202009,202009
292,2020-09-01,2020-09-30,P.VIAJE,descripcion_presupuesto_292,-493506.0,P050,descripcion_id_50,unico,202009,202009
293,2020-10-01,2020-10-31,P.GUSTOS,descripcion_presupuesto_293,-1410006.0,P001,descripcion_id_1,recurrente,202010,202010
294,2020-10-01,2020-10-31,P.MANUAL,descripcion_presupuesto_294,-70506.0,P009,descripcion_id_9,recurrente,202010,202010
295,2020-11-01,2020-11-30,P.GUSTOS,descripcion_presupuesto_295,-493506.0,P001,descripcion_id_1,recurrente,202011,202011
296,2020-11-01,2020-11-30,P.GUSTOS,descripcion_presupuesto_296,-157221.0,P005,descripcion_id_5,recurrente,202011,202011
297,2020-11-01,2020-11-30,P.GUSTOS,descripcion_presupuesto_297,-4230006.0,P002,descripcion_id_2,recurrente,202011,202011
298,2020-11-01,2020-11-30,P.GUSTOS,descripcion_presupuesto_298,-70506.0,P006,descripcion_id_6,recurrente,202011,202011
299,2020-11-01,2020-11-30,P.GUSTOS,descripcion_presupuesto_299,-70506.0,P008,descripcion_id_8,recurrente,202011,202011
300,2020-11-01,2020-11-30,P.MANUAL,descripcion_presupuesto_300,-70506.0,P009,descripcion_id_9,recurrente,202011,202011
301,2020-11-01,2020-11-30,P.RECREACION,descripcion_presupuesto_301,-56406.0,P027,descripcion_id_27,recurrente,202011,202011
302,2020-12-01,2020-12-31,P.GUSTOS,descripcion_presupuesto_302,-282006.0,P005,descripcion_id_5,recurrente,202012,202012
303,2020-12-01,2020-12-31,P.GUSTOS,descripcion_presupuesto_303,-1410006.0,P012,descripcion_id_12,recurrente,202012,202012
304,2020-12-01,2020-12-31,P.SALUD,descripcion_presupuesto_304,-352506.0,P014,descripcion_id_14,recurrente,202012,202012
305,2020-12-01,2020-12-31,P.MANUAL,descripcion_presupuesto_305,-70506.0,P009,descripcion_id_9,recurrente,202012,202012
306,2020-12-01,2020-12-31,P.RECREACION,descripcion_presupuesto_306,-176256.0,P013,descripcion_id_13,recurrente,202012,202012
307,2021-01-01,2021-01-31,P.FORMAL,descripcion_presupuesto_307,-485610.0,P015,descripcion_id_15,recurrente,202101,202101
317,2021-02-01,2021-02-28,P.GUSTOS,descripcion_presupuesto_317,-141006.0,P002,descripcion_id_2,recurrente,202102,202102
318,2021-03-01,2021-03-31,P.SALUD,descripcion_presupuesto_318,-5358006.0,P014,descripcion_id_14,recurrente,202103,202103
319,2021-03-01,2021-03-31,P.FORMAL,descripcion_presupuesto_319,-595731.0,P011,descripcion_id_11,recurrente,202103,202103
320,2021-03-01,2021-03-31,P.GUSTOS,descripcion_presupuesto_320,-70506.0,P012,descripcion_id_12,recurrente,202103,202103
321,2021-03-01,2021-03-31,P.GUSTOS,descripcion_presupuesto_321,-1128006.0,P002,descripcion_id_2,recurrente,202103,202103
322,2021-03-01,2021-03-31,P.RECREACION,descripcion_presupuesto_322,-84606.0,P013,descripcion_id_13,recurrente,202103,202103
323,2021-04-01,2021-04-30,P.GUSTOS,descripcion_presupuesto_323,-1551006.0,P002,descripcion_id_2,recurrente,202104,202104
324,2021-04-01,2021-04-30,P.GUSTOS,descripcion_presupuesto_324,-70506.0,P003,descripcion_id_3,recurrente,202104,202104
325,2021-04-01,2021-04-30,P.GUSTOS,descripcion_presupuesto_325,-246756.0,P001,descripcion_id_1,recurrente,202104,202104
326,2021-04-01,2021-04-30,P.VIAJE,descripcion_presupuesto_326,-317256.0,P051,descripcion_id_51,unico,202104,202104
327,2021-05-01,2021-05-31,P.FORMAL,descripcion_presupuesto_327,-558366.0,P064,descripcion_id_64,recurrente,202105,202105
328,2021-05-01,2021-05-31,P.GUSTOS,descripcion_presupuesto_328,-35256.0,P008,descripcion_id_8,recurrente,202105,202105
329,2021-05-01,2021-05-31,P.GUSTOS,descripcion_presupuesto_329,-105756.0,P004,descripcion_id_4,recurrente,202105,202105
330,2021-05-01,2021-05-31,P.GUSTOS,descripcion_presupuesto_330,-1269006.0,P002,descripcion_id_2,recurrente,202105,202105
331,2021-05-01,2021-05-31,P.FORMAL,descripcion_presupuesto_331,-1057506.0,P011,descripcion_id_11,recurrente,202105,202105
332,2021-06-01,2021-06-30,P.FORMAL,descripcion_presupuesto_332,184633.5,P011,descripcion_id_11,recurrente,202106,202106
333,2021-06-01,2021-06-30,P.GUSTOS,descripcion_presupuesto_333,-126906.0,P004,descripcion_id_4,recurrente,202106,202106
334,2021-06-01,2021-06-30,P.GUSTOS,descripcion_presupuesto_334,-14106.0,P008,descripcion_id_8,recurrente,202106,202106
335,2021-06-01,2021-06-30,P.FORMAL,descripcion_presupuesto_335,-88131.0,P015,descripcion_id_15,recurrente,202106,202106
336,2021-07-01,2021-07-31,P.GUSTOS,descripcion_presupuesto_336,-141006.0,P002,descripcion_id_2,recurrente,202107,202107
337,2021-07-01,2021-07-31,P.GUSTOS,descripcion_presupuesto_337,-35256.0,P004,descripcion_id_4,recurrente,202107,202107
338,2021-08-01,2021-08-31,P.GUSTOS,descripcion_presupuesto_338,-35256.0,P004,descripcion_id_4,recurrente,202108,202108
339,2021-08-01,2021-08-31,P.GUSTOS,descripcion_presupuesto_339,-141006.0,P008,descripcion_id_8,recurrente,202108,202108
340,2021-08-01,2021-08-31,P.FORMAL,descripcion_presupuesto_340,-415956.0,P011,descripcion_id_11,recurrente,202108,202108
341,2021-09-01,2021-09-30,P.MANUAL,descripcion_presupuesto_341,-42306.0,P009,descripcion_id_9,recurrente,202109,202109
342,2021-09-01,2021-09-30,P.VIAJE,descripcion_presupuesto_342,-705006.0,P052,descripcion_id_52,unico,202109,202109
343,2021-09-01,2021-09-30,P.RECREACION,descripcion_presupuesto_343,-141006.0,P013,descripcion_id_13,recurrente,202109,202109
344,2021-10-01,2021-10-31,P.VIAJE,descripcion_presupuesto_344,-334881.0,P052,descripcion_id_52,unico,202110,202110
345,2021-10-01,2021-10-31,P.VIAJE,descripcion_presupuesto_345,-17631.0,P008,descripcion_id_8,recurrente,202110,202110
346,2021-10-01,2021-10-31,P.VIAJE,descripcion_presupuesto_346,-17631.0,P048,descripcion_id_48,unico,202110,202110
347,2021-10-01,2021-10-31,P.VIAJE,descripcion_presupuesto_347,-70506.0,P053,descripcion_id_53,unico,202110,202110
348,2021-10-01,2021-10-31,P.FORMAL,descripcion_presupuesto_348,-352506.0,P011,descripcion_id_11,recurrente,202110,202110
349,2021-10-01,2021-10-31,P.MANUAL,descripcion_presupuesto_349,-70506.0,P009,descripcion_id_9,recurrente,202110,202110
350,2021-11-01,2021-11-30,P.SALUD,descripcion_presupuesto_350,5357994.0,P014,descripcion_id_14,recurrente,202111,202111
351,2021-11-01,2021-11-30,P.RECREACION,descripcion_presupuesto_351,-49356.0,P013,descripcion_id_13,recurrente,202111,202111
352,2021-11-01,2021-11-30,P.GUSTOS,descripcion_presupuesto_352,-1057506.0,P008,descripcion_id_8,recurrente,202111,202111
353,2021-11-01,2021-11-30,P.GUSTOS,descripcion_presupuesto_353,-105756.0,P012,descripcion_id_12,recurrente,202111,202111
354,2021-11-01,2021-11-30,P.MANUAL,descripcion_presupuesto_354,-49356.0,P009,descripcion_id_9,recurrente,202111,202111
355,2021-12-01,2021-12-31,P.MANUAL,descripcion_presupuesto_355,-282006.0,P009,descripcion_id_9,recurrente,202112,202112
356,2021-12-01,2021-12-31,P.RECREACION,descripcion_presupuesto_356,-91656.0,P013,descripcion_id_13,recurrente,202112,202112
357,2021-12-01,2021-12-31,P.GUSTOS,descripcion_presupuesto_357,-648606.0,P001,descripcion_id_1,recurrente,202112,202112
358,2021-12-01,2021-12-31,P.GUSTOS,descripcion_presupuesto_358,-331356.0,P003,descripcion_id_3,recurrente,202112,202112
359,2021-12-01,2021-12-31,P.GUSTOS,descripcion_presupuesto_359,-246756.0,P004,descripcion_id_4,recurrente,202112,202112
360,2021-12-01,2021-12-31,P.GUSTOS,descripcion_presupuesto_360,-70506.0,P008,descripcion_id_8,recurrente,202112,202112
361,2021-12-01,2021-12-31,P.RECREACION,descripcion_presupuesto_361,-105756.0,P027,descripcion_id_27,recurrente,202112,202112
362,2021-12-01,2021-12-31,P.VIAJE,descripcion_presupuesto_362,-141006.0,P054,descripcion_id_54,unico,202112,202112
363,2022-01-01,2022-01-31,P.FORMAL,descripcion_presupuesto_363,-102231.0,P011,descripcion_id_11,recurrente,202201,202201
364,2022-01-01,2022-01-31,P.SALUD,descripcion_presupuesto_364,-18336.0,P014,descripcion_id_14,recurrente,202201,202201
372,2022-02-01,2022-02-28,P.FORMAL,descripcion_presupuesto_372,-239706.0,P011,descripcion_id_11,recurrente,202202,202202
373,2022-02-01,2022-02-28,P.GUSTOS,descripcion_presupuesto_373,-105756.0,P001,descripcion_id_1,recurrente,202202,202202
374,2022-02-01,2022-02-28,P.GUSTOS,descripcion_presupuesto_374,-740256.0,P002,descripcion_id_2,recurrente,202202,202202
375,2022-03-01,2022-03-31,P.SALUD,descripcion_presupuesto_375,-225606.0,P014,descripcion_id_14,recurrente,202203,202203
376,2022-04-01,2022-04-30,P.SALUD,descripcion_presupuesto_376,-190356.0,P014,descripcion_id_14,recurrente,202204,202204
377,2022-04-01,2022-04-30,P.VIAJE,descripcion_presupuesto_377,-211506.0,P007,descripcion_id_7,recurrente,202204,202204
378,2022-04-01,2022-04-30,P.VIAJE,descripcion_presupuesto_378,-105756.0,P055,descripcion_id_55,unico,202204,202204
379,2022-05-01,2022-05-31,P.SALUD,descripcion_presupuesto_379,-14106.0,P014,descripcion_id_14,recurrente,202205,202205
380,2022-05-01,2022-05-31,P.FORMAL,descripcion_presupuesto_380,-88131.0,P015,descripcion_id_15,recurrente,202205,202205
381,2022-05-01,2022-05-31,P.FORMAL,descripcion_presupuesto_381,-49356.0,P011,descripcion_id_11,recurrente,202205,202205
382,2022-05-01,2022-05-31,P.VIAJE,descripcion_presupuesto_382,-705006.0,P056,descripcion_id_56,unico,202205,202205
383,2022-06-01,2022-06-30,P.FORMAL,descripcion_presupuesto_383,-444156.0,P011,descripcion_id_11,recurrente,202206,202206
384,2022-06-01,2022-06-30,P.VIAJE,descripcion_presupuesto_384,-211506.0,P057,descripcion_id_57,unico,202206,202206
385,2022-07-01,2022-07-31,P.FORMAL,descripcion_presupuesto_385,-67827.0,P015,descripcion_id_15,recurrente,202207,202207
386,2022-07-01,2022-07-31,P.GUSTOS,descripcion_presupuesto_386,-70506.0,P012,descripcion_id_12,recurrente,202207,202207
387,2022-07-01,2022-07-31,P.RECREACION,descripcion_presupuesto_387,-70506.0,P013,descripcion_id_13,recurrente,202207,202207
388,2022-07-01,2022-07-31,P.VIAJE,descripcion_presupuesto_388,-423006.0,P048,descripcion_id_48,unico,202207,202207
394,2022-08-01,2022-08-31,P.GUSTOS,descripcion_presupuesto_394,-1198506.0,P002,descripcion_id_2,recurrente,202208,202208
395,2022-08-01,2022-08-31,P.GUSTOS,descripcion_presupuesto_395,-846006.0,P004,descripcion_id_4,recurrente,202208,202208
396,2022-08-01,2022-08-31,P.GUSTOS,descripcion_presupuesto_396,-99904.5,P012,descripcion_id_12,recurrente,202208,202208
397,2022-08-01,2022-08-31,P.VIAJE,descripcion_presupuesto_397,-282006.0,P058,descripcion_id_58,unico,202208,202208
398,2022-08-01,2022-08-31,P.RECREACION,descripcion_presupuesto_398,-282006.0,P027,descripcion_id_27,recurrente,202208,202208
399,2022-08-01,2022-08-31,P.VIAJE,descripcion_presupuesto_399,-167461.125,P055,descripcion_id_55,unico,202208,202208
403,2022-09-01,2022-09-30,P.VIAJE,descripcion_presupuesto_403,-149800.875,P055,descripcion_id_55,unico,202209,202209
404,2022-09-01,2022-09-30,P.VIAJE,descripcion_presupuesto_404,-141006.0,P007,descripcion_id_7,recurrente,202209,202209
405,2022-09-01,2022-09-30,P.VIAJE,descripcion_presupuesto_405,-296106.0,P051,descripcion_id_51,unico,202209,202209
406,2022-09-01,2022-09-30,P.VIAJE,descripcion_presupuesto_406,-225606.0,P059,descripcion_id_59,unico,202209,202209
407,2022-09-01,2022-09-30,P.GUSTOS,descripcion_presupuesto_407,-176256.0,P012,descripcion_id_12,recurrente,202209,202209
408,2022-10-01,2022-10-31,P.FORMAL,descripcion_presupuesto_408,-70435.5,P064,descripcion_id_64,recurrente,202210,202210
409,2022-10-01,2022-10-31,P.RECREACION,descripcion_presupuesto_409,-345456.0,P027,descripcion_id_27,recurrente,202210,202210
410,2022-10-01,2022-10-31,P.GUSTOS,descripcion_presupuesto_410,-84606.0,P004,descripcion_id_4,recurrente,202210,202210
411,2022-10-01,2022-10-31,P.VIAJE,descripcion_presupuesto_411,-282006.0,P049,descripcion_id_49,unico,202210,202210
412,2022-11-01,2022-11-30,P.GUSTOS,descripcion_presupuesto_412,-352506.0,P001,descripcion_id_1,recurrente,202211,202211
413,2022-11-01,2022-11-30,P.GUSTOS,descripcion_presupuesto_413,-352506.0,P012,descripcion_id_12,recurrente,202211,202211
414,2022-11-01,2022-11-30,P.VIAJE,descripcion_presupuesto_414,-176256.0,P059,descripcion_id_59,unico,202211,202211
415,2022-11-01,2022-11-30,P.VIAJE,descripcion_presupuesto_415,-176256.0,P060,descripcion_id_60,unico,202211,202211
416,2022-11-01,2022-11-30,P.RECREACION,descripcion_presupuesto_416,-70506.0,P027,descripcion_id_27,recurrente,202211,202211
417,2022-12-01,2022-12-31,P.RECREACION,descripcion_presupuesto_417,-141006.0,P027,descripcion_id_27,recurrente,202212,202212
418,2022-12-01,2022-12-31,P.VIAJE,descripcion_presupuesto_418,-493506.0,P060,descripcion_id_60,unico,202212,202212
419,2023-01-01,2023-01-31,P.FORMAL,descripcion_presupuesto_419,-528756.0,P015,descripcion_id_15,recurrente,202301,202301
420,2023-01-01,2023-01-31,P.GUSTOS,descripcion_presupuesto_420,-423006.0,P001,descripcion_id_1,recurrente,202301,202301
421,2023-01-01,2023-01-31,P.GUSTOS,descripcion_presupuesto_421,-105756.0,P008,descripcion_id_8,recurrente,202301,202301
422,2023-01-01,2023-01-31,P.RECREACION,descripcion_presupuesto_422,-105756.0,P027,descripcion_id_27,recurrente,202301,202301
423,2023-01-01,2023-01-31,P.VIAJE,descripcion_presupuesto_423,-282006.0,P060,descripcion_id_60,unico,202301,202301
432,2023-02-01,2023-02-28,P.GUSTOS,descripcion_presupuesto_432,-141006.0,P008,descripcion_id_8,recurrente,202302,202302
433,2023-02-01,2023-02-28,P.FORMAL,descripcion_presupuesto_433,-24681.0,P064,descripcion_id_64,recurrente,202302,202302
434,2023-03-01,2023-03-31,P.GUSTOS,descripcion_presupuesto_434,-771981.0,P002,descripcion_id_2,recurrente,202303,202303
435,2023-03-01,2023-03-31,P.VIAJE,descripcion_presupuesto_435,-373656.0,P007,descripcion_id_7,recurrente,202303,202303
436,2023-04-01,2023-04-30,P.GUSTOS,descripcion_presupuesto_436,-35256.0,P012,descripcion_id_12,recurrente,202304,202304
437,2023-04-01,2023-04-30,P.VIAJE,descripcion_presupuesto_437,-229695.0,P061,descripcion_id_61,unico,202304,202304
438,2023-05-01,2023-05-31,P.VIAJE,descripcion_presupuesto_438,-4236.0,P007,descripcion_id_7,recurrente,202305,202305
439,2023-05-01,2023-05-31,P.VIAJE,descripcion_presupuesto_439,-169206.0,P001,descripcion_id_1,recurrente,202305,202305
440,2023-05-01,2023-05-31,P.VIAJE,descripcion_presupuesto_440,-951756.0,P061,descripcion_id_61,unico,202305,202305
441,2023-05-01,2023-05-31,P.FORMAL,descripcion_presupuesto_441,-91656.0,P015,descripcion_id_15,recurrente,202305,202305
442,2023-05-01,2023-05-31,P.FORMAL,descripcion_presupuesto_442,-21156.0,P064,descripcion_id_64,recurrente,202305,202305
443,2023-06-01,2023-06-30,P.MANUAL,descripcion_presupuesto_443,-88483.5,P009,descripcion_id_9,recurrente,202306,202306
444,2023-06-01,2023-06-30,P.GUSTOS,descripcion_presupuesto_444,-916506.0,P004,descripcion_id_4,recurrente,202306,202306
445,2023-06-01,2023-06-30,P.GUSTOS,descripcion_presupuesto_445,-141006.0,P005,descripcion_id_5,recurrente,202306,202306
446,2023-06-01,2023-06-30,P.GUSTOS,descripcion_presupuesto_446,-45831.0,P012,descripcion_id_12,recurrente,202306,202306
447,2023-06-01,2023-06-30,P.VIAJE,descripcion_presupuesto_447,-137481.0,P062,descripcion_id_62,unico,202306,202306
448,2023-06-01,2023-06-30,P.VIAJE,descripcion_presupuesto_448,-59155.5,P008,descripcion_id_8,recurrente,202306,202306
449,2023-06-01,2023-06-30,P.VIAJE,descripcion_presupuesto_449,-13330.5,P006,descripcion_id_6,recurrente,202306,202306
450,2023-06-01,2023-06-30,P.VIAJE,descripcion_presupuesto_450,-211506.0,P061,descripcion_id_61,unico,202306,202306
451,2023-07-01,2023-07-31,P.FORMAL,descripcion_presupuesto_451,-27078.0,P064,descripcion_id_64,recurrente,202307,202307
452,2023-07-01,2023-07-31,P.GUSTOS,descripcion_presupuesto_452,-387756.0,P012,descripcion_id_12,recurrente,202307,202307
453,2023-07-01,2023-07-31,P.RECREACION,descripcion_presupuesto_453,-352506.0,P027,descripcion_id_27,recurrente,202307,202307
454,2023-07-01,2023-07-31,P.SALUD,descripcion_presupuesto_454,-352506.0,P014,descripcion_id_14,recurrente,202307,202307
455,2023-07-01,2023-07-31,P.VIAJE,descripcion_presupuesto_455,-141006.0,P063,descripcion_id_63,unico,202307,202307
456,2023-08-01,2023-08-31,P.FORMAL,descripcion_presupuesto_456,-110667.03,P064,descripcion_id_64,recurrente,202308,202308
457,2023-08-01,2023-08-31,P.VIAJE,descripcion_presupuesto_457,-493506.0,P063,descripcion_id_63,unico,202308,202308
458,2023-08-01,2023-08-31,P.VIAJE,descripcion_presupuesto_458,-314806.83,P065,descripcion_id_65,unico,202308,202308
459,2023-08-01,2023-08-31,P.GUSTOS,descripcion_presupuesto_459,-2418156.0,P004,descripcion_id_4,recurrente,202308,202308
460,2023-08-01,2023-08-31,P.GUSTOS,descripcion_presupuesto_460,-49356.0,P012,descripcion_id_12,recurrente,202308,202308
461,2023-08-01,2023-08-31,P.VIAJE,descripcion_presupuesto_461,-1198506.0,P069,descripcion_id_69,unico,202308,202308
462,2023-09-01,2023-09-30,P.FORMAL,descripcion_presupuesto_462,-11828.849999999999,P064,descripcion_id_64,recurrente,202309,202309
463,2023-09-01,2023-09-30,P.GUSTOS,descripcion_presupuesto_463,-282006.0,P004,descripcion_id_4,recurrente,202309,202309
464,2023-09-01,2023-09-30,P.GUSTOS,descripcion_presupuesto_464,-239706.0,P005,descripcion_id_5,recurrente,202309,202309
465,2023-09-01,2023-09-30,P.GUSTOS,descripcion_presupuesto_465,-77556.0,P006,descripcion_id_6,recurrente,202309,202309
466,2023-09-01,2023-09-30,P.VIAJE,descripcion_presupuesto_466,-105756.0,P066,descripcion_id_66,unico,202309,202309
467,2023-09-01,2023-09-30,P.VIAJE,descripcion_presupuesto_467,-158631.0,P065,descripcion_id_65,unico,202309,202309
468,2023-09-01,2023-09-30,P.VIAJE,descripcion_presupuesto_468,-10581.0,P008,descripcion_id_8,recurrente,202309,202309
469,2023-09-01,2023-09-30,P.VIAJE,descripcion_presupuesto_469,-246756.0,P007,descripcion_id_7,recurrente,202309,202309
470,2023-09-01,2023-09-30,P.VIAJE,descripcion_presupuesto_470,-11991.0,P006,descripcion_id_6,recurrente,202309,202309
471,2023-10-01,2023-10-31,P.FORMAL,descripcion_presupuesto_471,-112806.0,P064,descripcion_id_64,recurrente,202310,202310
472,2023-10-01,2023-10-31,P.VIAJE,descripcion_presupuesto_472,-246262.5,P067,descripcion_id_67,unico,202310,202310
473,2023-10-01,2023-10-31,P.GUSTOS,descripcion_presupuesto_473,-5076006.0,P004,descripcion_id_4,recurrente,202310,202310
474,2023-10-01,2023-10-31,P.MANUAL,descripcion_presupuesto_474,-19746.0,P009,descripcion_id_9,recurrente,202310,202310
475,2023-11-01,2023-11-30,P.FORMAL,descripcion_presupuesto_475,-164616.45,P064,descripcion_id_64,recurrente,202311,202311
476,2023-11-01,2023-11-30,P.VIAJE,descripcion_presupuesto_476,-2397288.0,P068,descripcion_id_68,unico,202311,202311
477,2023-11-01,2023-11-30,P.GUSTOS,descripcion_presupuesto_477,-282006.0,P004,descripcion_id_4,recurrente,202311,202311
478,2023-12-01,2023-12-31,P.VIAJE,descripcion_presupuesto_478,-1311306.0,P068,descripcion_id_68,unico,202312,202312
479,2023-12-01,2023-12-31,P.VIAJE,descripcion_presupuesto_479,-388249.5,P067,descripcion_id_67,unico,202312,202312
480,2023-12-01,2023-12-31,P.GUSTOS,descripcion_presupuesto_480,-352506.0,P001,descripcion_id_1,recurrente,202312,202312
481,2024-01-01,2024-01-31,P.VIAJE,descripcion_presupuesto_481,-176256.0,P067,descripcion_id_67,unico,202401,202401
482,2024-01-01,2024-01-31,P.VIAJE,descripcion_presupuesto_482,-116965.5,P069,descripcion_id_69,unico,202401,202401
483,2024-01-01,2024-01-31,P.VIAJE,descripcion_presupuesto_483,2509512.0,P068,descripcion_id_68,unico,202401,202401
484,2024-01-01,2024-01-31,P.GUSTOS,descripcion_presupuesto_484,-246756.0,P012,descripcion_id_12,recurrente,202401,202401
491,2024-02-01,2024-02-29,P.VIAJE,descripcion_presupuesto_491,1214286.0,P068,descripcion_id_68,unico,202402,202402
492,2024-03-01,2024-03-31,P.FORMAL,descripcion_presupuesto_492,-282006.0,P015,descripcion_id_15,recurrente,202403,202403
493,2024-03-01,2024-03-31,P.VIAJE,descripcion_presupuesto_493,-1767617.25,P068,descripcion_id_68,unico,202403,202403
494,2024-03-01,2024-03-31,P.VIAJE,descripcion_presupuesto_494,-517546.5,P069,descripcion_id_69,unico,202403,202403
495,2024-04-01,2024-04-30,P.VIAJE,descripcion_presupuesto_495,-3151356.0,P068,descripcion_id_68,unico,202404,202404
496,2024-05-01,2024-05-31,P.VIAJE,descripcion_presupuesto_496,2185494.0,P068,descripcion_id_68,unico,202405,202405
497,2024-05-01,2024-05-31,P.FORMAL,descripcion_presupuesto_497,-57957.0,P064,descripcion_id_64,recurrente,202405,202405
498,2024-05-01,2024-05-31,P.FORMAL,descripcion_presupuesto_498,-98706.0,P015,descripcion_id_15,recurrente,202405,202405
499,2024-05-01,2024-05-31,P.GUSTOS,descripcion_presupuesto_499,-162156.0,P012,descripcion_id_12,recurrente,202405,202405
500,2024-05-01,2024-05-31,P.SALUD,descripcion_presupuesto_500,-104346.0,P014,descripcion_id_14,recurrente,202405,202405
501,2024-05-01,2024-05-31,P.VIAJE,descripcion_presupuesto_501,-253806.0,P070,descripcion_id_70,unico,202405,202405
502,2024-06-01,2024-06-30,P.FORMAL,descripcion_presupuesto_502,-84112.5,P064,descripcion_id_64,recurrente,202406,202406
503,2024-06-01,2024-06-30,P.FORMAL,descripcion_presupuesto_503,-1057506.0,P071,descripcion_id_71,recurrente,202406,202406
504,2024-06-01,2024-06-30,P.GUSTOS,descripcion_presupuesto_504,-155106.0,P012,descripcion_id_12,recurrente,202406,202406
505,2024-06-01,2024-06-30,P.GUSTOS,descripcion_presupuesto_505,-246756.0,P001,descripcion_id_1,recurrente,202406,202406
506,2024-06-01,2024-06-30,P.VIAJE,descripcion_presupuesto_506,-211506.0,P007,descripcion_id_7,recurrente,202406,202406
507,2024-06-01,2024-06-30,P.VIAJE,descripcion_presupuesto_507,-126906.0,P070,descripcion_id_70,unico,202406,202406
508,2024-07-01,2024-07-31,P.FORMAL,descripcion_presupuesto_508,-57252.0,P064,descripcion_id_64,recurrente,202407,202407
509,2024-07-01,2024-07-31,P.FORMAL,descripcion_presupuesto_509,-77556.0,P015,descripcion_id_15,recurrente,202407,202407
510,2024-07-01,2024-07-31,P.FORMAL,descripcion_presupuesto_510,-1057506.0,P071,descripcion_id_71,recurrente,202407,202407
511,2024-07-01,2024-07-31,P.VIAJE,descripcion_presupuesto_511,-106602.0,P072,descripcion_id_72,unico,202407,202407
512,2024-07-01,2024-07-31,P.VIAJE,descripcion_presupuesto_512,-200931.0,P070,descripcion_id_70,unico,202407,202407
513,2024-07-01,2024-07-31,P.GUSTOS,descripcion_presupuesto_513,-148056.0,P001,descripcion_id_1,recurrente,202407,202407
514,2024-07-01,2024-07-31,P.GUSTOS,descripcion_presupuesto_514,-21156.0,P003,descripcion_id_3,recurrente,202407,202407
515,2024-08-01,2024-08-31,P.FORMAL,descripcion_presupuesto_515,-57252.0,P064,descripcion_id_64,recurrente,202408,202408
516,2024-08-01,2024-08-31,P.GUSTOS,descripcion_presupuesto_516,-705006.0,P012,descripcion_id_12,recurrente,202408,202408
517,2024-08-01,2024-08-31,P.VIAJE,descripcion_presupuesto_517,-245910.0,P072,descripcion_id_72,unico,202408,202408
518,2024-08-01,2024-08-31,P.VIAJE,descripcion_presupuesto_518,-24681.0,P070,descripcion_id_70,unico,202408,202408
519,2024-09-01,2024-09-30,P.FORMAL,descripcion_presupuesto_519,-545676.0,P064,descripcion_id_64,recurrente,202409,202409
520,2024-09-01,2024-09-30,P.GUSTOS,descripcion_presupuesto_520,-228778.5,P001,descripcion_id_1,recurrente,202409,202409
521,2024-09-01,2024-09-30,P.GUSTOS,descripcion_presupuesto_521,-84606.0,P008,descripcion_id_8,recurrente,202409,202409
522,2024-09-01,2024-09-30,P.GUSTOS,descripcion_presupuesto_522,21144.0,P003,descripcion_id_3,recurrente,202409,202409
523,2024-09-01,2024-09-30,P.RECREACION,descripcion_presupuesto_523,-246756.0,P027,descripcion_id_27,recurrente,202409,202409
524,2024-10-01,2024-10-30,P.FORMAL,descripcion_presupuesto_524,-70435.5,P064,descripcion_id_64,recurrente,202410,202410
525,2024-10-01,2024-10-30,P.VIAJE,descripcion_presupuesto_525,-141006.0,P073,descripcion_id_73,unico,202410,202410
526,2024-11-01,2024-11-30,P.VIAJE,descripcion_presupuesto_526,-701622.0,P007,descripcion_id_7,recurrente,202411,202411
527,2024-11-01,2024-11-30,P.VIAJE,descripcion_presupuesto_527,-113934.0,P074,descripcion_id_74,unico,202411,202411
528,2024-11-01,2024-11-30,P.FORMAL,descripcion_presupuesto_528,-55478.22,P064,descripcion_id_64,recurrente,202411,202411
529,2024-11-01,2024-11-30,P.GUSTOS,descripcion_presupuesto_529,-119856.0,P008,descripcion_id_8,recurrente,202411,202411
530,2024-12-01,2024-12-31,P.VIAJE,descripcion_presupuesto_530,-288341.13,P075,descripcion_id_75,unico,202412,202412
531,2024-12-01,2024-12-31,P.GUSTOS,descripcion_presupuesto_531,-119856.0,P008,descripcion_id_8,recurrente,202412,202412
532,2025-01-01,2025-01-31,P.FORMAL,descripcion_presupuesto_532,-423006.0,P015,descripcion_id_15,recurrente,202501,202501
533,2025-01-01,2025-01-31,P.RECREACION,descripcion_presupuesto_533,-377322.0,P027,descripcion_id_27,recurrente,202501,202501
534,2025-01-01,2025-01-31,P.VIAJE,descripcion_presupuesto_534,-775506.0,P074,descripcion_id_74,unico,202501,202501
543,2025-02-01,2025-02-28,P.VIAJE,descripcion_presupuesto_543,-669756.0,P076,descripcion_id_76,unico,202502,202502
544,2025-02-01,2025-02-28,P.GUSTOS,descripcion_presupuesto_544,-282006.0,P001,descripcion_id_1,recurrente,202502,202502
545,2025-03-01,2025-03-31,P.FORMAL,descripcion_presupuesto_545,-28206.0,P064,descripcion_id_64,recurrente,202503,202503
546,2025-03-01,2025-03-31,P.MANUAL,descripcion_presupuesto_546,-105756.0,P009,descripcion_id_9,recurrente,202503,202503
547,2025-03-01,2025-03-31,P.VIAJE,descripcion_presupuesto_547,-25315.5,P075,descripcion_id_75,unico,202503,202503
548,2025-03-01,2025-03-31,P.VIAJE,descripcion_presupuesto_548,-218556.0,P007,descripcion_id_7,recurrente,202503,202503
549,2025-03-01,2025-03-31,P.VIAJE,descripcion_presupuesto_549,-14740.5,P006,descripcion_id_6,recurrente,202503,202503
550,2025-03-01,2025-03-31,P.VIAJE,descripcion_presupuesto_550,563994.0,P076,descripcion_id_76,unico,202503,202503
551,2025-04-01,2025-04-30,P.VIAJE,descripcion_presupuesto_551,-705006.0,P076,descripcion_id_76,unico,202504,202504
552,2025-04-01,2025-04-30,P.VIAJE,descripcion_presupuesto_552,-14740.5,P006,descripcion_id_6,recurrente,202504,202504
553,2025-05-01,2025-05-31,P.FORMAL,descripcion_presupuesto_553,-98706.0,P015,descripcion_id_15,recurrente,202505,202505
554,2025-06-01,2025-06-30,P.GUSTOS,descripcion_presupuesto_554,-493506.0,P001,descripcion_id_1,recurrente,202506,202506
555,2025-07-01,2025-07-31,P.VIAJE,descripcion_presupuesto_555,-105756.0,P077,descripcion_id_77,unico,202507,202507
562,2025-08-01,2025-08-31,P.FORMAL,descripcion_presupuesto_562,-197406.0,P064,descripcion_id_64,recurrente,202508,202508
563,2025-08-01,2025-08-31,P.GUSTOS,descripcion_presupuesto_563,-105756.0,P010,descripcion_id_10,recurrente,202508,202508
564,2025-09-01,2025-09-30,P.GUSTOS,descripcion_presupuesto_564,-25386.0,P012,descripcion_id_12,recurrente,202509,202509
565,2025-09-01,2025-09-30,P.GUSTOS,descripcion_presupuesto_565,-45126.0,P006,descripcion_id_6,recurrente,202509,202509
566,2025-10-01,2025-10-31,P.FORMAL,descripcion_presupuesto_566,-70435.5,P064,descripcion_id_64,recurrente,202510,202510
567,2026-06-01,2026-06-30,P.GUSTOS,descripcion_presupuesto_567,-6.0,P001,descripcion_id_1,recurrente,202606,202606
568,2026-01-01,2026-01-31,P.FORMAL,descripcion_presupuesto_568,-296106.0,P064,descripcion_id_64,recurrente,202601,202601
575,2026-07-01,2026-07-31,P.FORMAL,descripcion_presupuesto_575,-77556.0,P015,descripcion_id_15,recurrente,202607,202607
576,2026-09-01,2026-09-30,P.FORMAL,descripcion_presupuesto_576,-6.0,P015,descripcion_id_15,recurrente,202609,202609
577,2026-11-01,2026-11-30,P.GUSTOS,descripcion_presupuesto_577,-6.0,P004,descripcion_id_4,recurrente,202611,202611
