"id","fecha","clave","descripcion","lugar_de_uso","monto","categoria_ingreso","tipo_ingreso","canal_ingreso","periodo_fact_c_diaria"
A000001,2015-04-28,transaccion,transaccion_1,INGRESO8,51247.5,Ingreso,Ingreso,INGRESO8,201504
A000002,2015-04-28,transaccion,transaccion_2,INGRESO6,212546.565,Ingreso,Ingreso,INGRESO6,201504
A000004,2015-04-28,inversion,ahorro_10,INGRESO8,-42306.0,Egreso,Ahorro,INGRESO8,201504
A000005,2015-04-28,transaccion,transaccion_3,INGRESO7,295021.695,Ingreso,Ingreso,INGRESO7,201504
A000006,2015-04-29,inversion,ahorro_1,INGRESO9,42294.0,Ingreso,Ahorro,INGRESO9,201504
A000021,2015-05-04,transaccion,transaccion: nombre_19,INGRESO7,7044.0,Ingreso,Ingreso,INGRESO7,201505
A000023,2015-05-05,transaccion,transaccion: nombre_20,INGRESO2,7044.0,Ingreso,Ingreso,INGRESO2,201505
A000024,2015-05-06,transaccion,transaccion: nombre_1,INGRESO1,7044.0,Ingreso,Ingreso,INGRESO1,201505
A000025,2015-05-07,transaccion,transaccion: nombre_2,INGRESO7,7044.0,Ingreso,Ingreso,INGRESO7,201505
A000030,2015-05-08,transaccion,transaccion: nombre_3,INGRESO8,7044.0,Ingreso,Ingreso,INGRESO8,201505
A000040,2015-05-11,transaccion,transaccion: nombre_4,INGRESO9,14094.0,Ingreso,Ingreso,INGRESO9,201505
A000042,2015-05-13,transaccion,transaccion: nombre_5,INGRESO10,14094.0,Ingreso,Ingreso,INGRESO10,201505
A000044,2015-05-15,transaccion,transaccion_20,INGRESO7,211494.0,Ingreso,Ingreso,INGRESO7,201505
A000049,2015-05-17,inversion,ahorro_6,INGRESO4,-35256.0,Egreso,Ahorro,INGRESO4,201505
A000050,2015-05-17,inversion,ahorro_7,INGRESO5,-17631.0,Egreso,Ahorro,INGRESO5,201505
A000052,2015-05-18,transaccion,transaccion: nombre_6,INGRESO3,7044.0,Ingreso,Ingreso,INGRESO3,201505
A000053,2015-05-19,transaccion,transaccion: nombre_7,INGRESO4,7044.0,Ingreso,Ingreso,INGRESO4,201505
A000055,2015-05-20,transaccion,transaccion: nombre_8,INGRESO5,7044.0,Ingreso,Ingreso,INGRESO5,201505
A000056,2015-05-21,transaccion,transaccion: nombre_9,INGRESO6,7044.0,Ingreso,Ingreso,INGRESO6,201505
A000057,2015-05-22,transaccion,transaccion: nombre_10,INGRESO8,7044.0,Ingreso,Ingreso,INGRESO8,201505
A000061,2015-05-22,inversion,ahorro_2,INGRESO10,148044.0,Ingreso,Ahorro,INGRESO10,201505
A000062,2015-05-22,inversion,ahorro_3,INGRESO1,-148056.0,Egreso,Ahorro,INGRESO1,201505
A000066,2015-05-25,transaccion,transaccion: nombre_11,INGRESO1,7044.0,Ingreso,Ingreso,INGRESO1,201505
A000067,2015-05-26,transaccion,transaccion: nombre_12,INGRESO2,7044.0,Ingreso,Ingreso,INGRESO2,201505
A000068,2015-05-26,inversion,ahorro_8,INGRESO6,-17631.0,Egreso,Ahorro,INGRESO6,201505
A000069,2015-05-27,transaccion,transaccion: nombre_13,INGRESO4,7044.0,Ingreso,Ingreso,INGRESO4,201505
A000070,2015-05-28,transaccion,transaccion: nombre_14,INGRESO5,7044.0,Ingreso,Ingreso,INGRESO5,201505
A000071,2015-05-29,transaccion,transaccion: nombre_15,INGRESO6,3519.0,Ingreso,Ingreso,INGRESO6,201505
A000074,2015-05-29,transaccion,transaccion_3,INGRESO8,254606.16,Ingreso,Ingreso,INGRESO8,201505
A000076,2015-06-01,transaccion,transaccion: nombre_16,INGRESO8,3519.0,Ingreso,Ingreso,INGRESO8,201506
A000077,2015-06-02,transaccion,transaccion: nombre_17,INGRESO9,7044.0,Ingreso,Ingreso,INGRESO9,201506
A000078,2015-06-03,transaccion,transaccion: nombre_18,INGRESO5,7044.0,Ingreso,Ingreso,INGRESO5,201506
A000079,2015-06-04,transaccion,transaccion: nombre_19,INGRESO6,14094.0,Ingreso,Ingreso,INGRESO6,201506
A000080,2015-06-05,transaccion,transaccion: nombre_20,INGRESO7,7044.0,Ingreso,Ingreso,INGRESO7,201506
A000086,2015-06-06,inversion,ahorro_9,INGRESO7,-42306.0,Egreso,Ahorro,INGRESO7,201506
A000088,2015-06-08,transaccion,transaccion: nombre_1,INGRESO8,7044.0,Ingreso,Ingreso,INGRESO8,201506
A000091,2015-06-09,transaccion,transaccion: nombre_2,INGRESO9,7044.0,Ingreso,Ingreso,INGRESO9,201506
A000093,2015-06-10,transaccion,transaccion: nombre_3,INGRESO10,7044.0,Ingreso,Ingreso,INGRESO10,201506
A000095,2015-06-11,transaccion,transaccion: nombre_4,INGRESO1,7044.0,Ingreso,Ingreso,INGRESO1,201506
A000097,2015-06-12,transaccion,transaccion: nombre_5,INGRESO3,7044.0,Ingreso,Ingreso,INGRESO3,201506
A000111,2015-06-15,transaccion,transaccion: nombre_6,INGRESO4,7044.0,Ingreso,Ingreso,INGRESO4,201506
A000112,2015-06-15,transaccion,transaccion_10,INGRESO9,253794.0,Ingreso,Ingreso,INGRESO9,201506
A000114,2015-06-16,transaccion,transaccion: nombre_7,INGRESO5,7044.0,Ingreso,Ingreso,INGRESO5,201506
A000115,2015-06-17,transaccion,transaccion: nombre_8,INGRESO6,7044.0,Ingreso,Ingreso,INGRESO6,201506
A000116,2015-06-18,transaccion,transaccion: nombre_9,INGRESO7,7044.0,Ingreso,Ingreso,INGRESO7,201506
A000118,2015-06-19,transaccion,transaccion: nombre_10,INGRESO8,7044.0,Ingreso,Ingreso,INGRESO8,201506
A000127,2015-06-21,inversion,ahorro_10,INGRESO8,-35256.0,Egreso,Ahorro,INGRESO8,201506
A000128,2015-06-21,inversion,ahorro_1,INGRESO9,-35256.0,Egreso,Ahorro,INGRESO9,201506
A000129,2015-06-21,inversion,ahorro_2,INGRESO10,-21156.0,Egreso,Ahorro,INGRESO10,201506
A000130,2015-06-22,transaccion,transaccion: nombre_11,INGRESO9,7044.0,Ingreso,Ingreso,INGRESO9,201506
A000131,2015-06-23,transaccion,transaccion: nombre_12,INGRESO10,7044.0,Ingreso,Ingreso,INGRESO10,201506
A000133,2015-06-24,transaccion,transaccion: nombre_13,INGRESO2,7044.0,Ingreso,Ingreso,INGRESO2,201506
A000138,2015-06-25,transaccion,transaccion: nombre_14,INGRESO3,7044.0,Ingreso,Ingreso,INGRESO3,201506
A000139,2015-06-26,transaccion,transaccion: nombre_15,INGRESO4,7044.0,Ingreso,Ingreso,INGRESO4,201506
A000145,2015-06-29,transaccion,transaccion: nombre_16,INGRESO5,7044.0,Ingreso,Ingreso,INGRESO5,201506
A000148,2015-06-30,transaccion,transaccion_20,INGRESO10,372359.49,Ingreso,Ingreso,INGRESO10,201506
A000149,2015-06-30,transaccion,transaccion: nombre_17,INGRESO6,7044.0,Ingreso,Ingreso,INGRESO6,201506
A000153,2015-07-08,inversion,ahorro_4,INGRESO2,99751.5,Ingreso,Ahorro,INGRESO2,201507
A000154,2015-07-08,inversion,ahorro_5,INGRESO3,-99763.5,Egreso,Ahorro,INGRESO3,201507
A000160,2015-07-14,inversion,ahorro_3,INGRESO1,-35256.0,Egreso,Ahorro,INGRESO1,201507
A000161,2015-07-14,inversion,ahorro_4,INGRESO2,-35256.0,Egreso,Ahorro,INGRESO2,201507
A000163,2015-07-15,transaccion,transaccion_3,INGRESO1,253794.0,Ingreso,Ingreso,INGRESO1,201507
A000191,2015-07-31,transaccion,transaccion_14,INGRESO2,424194.615,Ingreso,Ingreso,INGRESO2,201507
A000194,2015-08-01,actividad,actividad_16,INGRESO6,-21156.0,Egreso,Actividad Comercial,Actividad Economica,201508
A000221,2015-08-10,inversion,ahorro_3,INGRESO1,211494.0,Ingreso,Ahorro,INGRESO1,201508
A000230,2015-08-14,transaccion,transaccion_6,INGRESO3,253794.0,Ingreso,Ingreso,INGRESO3,201508
A000233,2015-08-17,inversion,ahorro_4,INGRESO2,70494.0,Ingreso,Ahorro,INGRESO2,201508
A000234,2015-08-17,inversion,ahorro_5,INGRESO3,-70506.0,Egreso,Ahorro,INGRESO3,201508
A000235,2015-08-17,inversion,ahorro_6,INGRESO4,49344.0,Ingreso,Ahorro,INGRESO4,201508
A000236,2015-08-17,inversion,ahorro_7,INGRESO5,-49356.0,Egreso,Ahorro,INGRESO5,201508
A000243,2015-08-18,inversion,ahorro_9,INGRESO7,-116331.0,Egreso,Ahorro,INGRESO7,201508
A000244,2015-08-18,inversion,ahorro_10,INGRESO8,116319.0,Ingreso,Ahorro,INGRESO8,201508
A000269,2015-08-31,transaccion,transaccion_20,INGRESO4,398616.51,Ingreso,Ingreso,INGRESO4,201508
A000273,2015-09-02,inversion,ahorro_5,INGRESO3,-35256.0,Egreso,Ahorro,INGRESO3,201509
A000276,2015-09-03,inversion,ahorro_1,INGRESO9,-70506.0,Egreso,Ahorro,INGRESO9,201509
A000277,2015-09-03,inversion,ahorro_2,INGRESO10,70494.0,Ingreso,Ahorro,INGRESO10,201509
A000278,2015-09-03,inversion,ahorro_8,INGRESO6,70494.0,Ingreso,Ahorro,INGRESO6,201509
A000279,2015-09-03,inversion,ahorro_9,INGRESO7,-70506.0,Egreso,Ahorro,INGRESO7,201509
A000310,2015-09-15,transaccion,transaccion_11,INGRESO5,253794.0,Ingreso,Ingreso,INGRESO5,201509
A000311,2015-09-15,inversion,ahorro_6,INGRESO4,70494.0,Ingreso,Ahorro,INGRESO4,201509
A000312,2015-09-15,inversion,ahorro_7,INGRESO5,-70506.0,Egreso,Ahorro,INGRESO5,201509
A000313,2015-09-15,inversion,ahorro_10,INGRESO8,70494.0,Ingreso,Ahorro,INGRESO8,201509
A000314,2015-09-15,inversion,ahorro_1,INGRESO9,-70506.0,Egreso,Ahorro,INGRESO9,201509
A000315,2015-09-15,inversion,ahorro_3,INGRESO1,-42306.0,Egreso,Ahorro,INGRESO1,201509
A000316,2015-09-15,inversion,ahorro_4,INGRESO2,42294.0,Ingreso,Ahorro,INGRESO2,201509
A000344,2015-09-30,transaccion,transaccion_17,INGRESO6,372359.49,Ingreso,Ingreso,INGRESO6,201509
A000345,2015-09-30,inversion,ahorro_5,INGRESO3,-73749.0,Egreso,Ahorro,INGRESO3,201509
A000346,2015-09-30,inversion,ahorro_6,INGRESO4,73737.0,Ingreso,Ahorro,INGRESO4,201509
A000350,2015-09-30,inversion,ahorro_2,INGRESO10,70494.0,Ingreso,Ahorro,INGRESO10,201509
A000351,2015-09-30,inversion,ahorro_3,INGRESO1,-70506.0,Egreso,Ahorro,INGRESO1,201509
A000352,2015-09-30,inversion,ahorro_8,INGRESO6,105744.0,Ingreso,Ahorro,INGRESO6,201509
A000353,2015-09-30,inversion,ahorro_9,INGRESO7,-105756.0,Egreso,Ahorro,INGRESO7,201509
A000374,2015-10-15,transaccion,transaccion_3,INGRESO7,253794.0,Ingreso,Ingreso,INGRESO7,201510
A000375,2015-10-15,inversion,ahorro_10,INGRESO8,105744.0,Ingreso,Ahorro,INGRESO8,201510
A000376,2015-10-15,inversion,ahorro_1,INGRESO9,-105756.0,Egreso,Ahorro,INGRESO9,201510
A000377,2015-10-15,inversion,ahorro_7,INGRESO5,-35256.0,Egreso,Ahorro,INGRESO5,201510
A000378,2015-10-15,inversion,ahorro_8,INGRESO6,35244.0,Ingreso,Ahorro,INGRESO6,201510
A000379,2015-10-15,inversion,ahorro_4,INGRESO2,70494.0,Ingreso,Ahorro,INGRESO2,201510
A000380,2015-10-15,inversion,ahorro_5,INGRESO3,-70506.0,Egreso,Ahorro,INGRESO3,201510
A000399,2015-10-30,transaccion,transaccion_13,INGRESO8,393231.72000000003,Ingreso,Ingreso,INGRESO8,201510
A000400,2015-10-30,inversion,ahorro_2,INGRESO10,140994.0,Ingreso,Ahorro,INGRESO10,201510
A000401,2015-10-30,inversion,ahorro_3,INGRESO1,-141006.0,Egreso,Ahorro,INGRESO1,201510
A000402,2015-10-30,inversion,ahorro_9,INGRESO7,-81081.0,Egreso,Ahorro,INGRESO7,201510
A000403,2015-10-30,inversion,ahorro_10,INGRESO8,81069.0,Ingreso,Ahorro,INGRESO8,201510
A000404,2015-10-30,inversion,ahorro_6,INGRESO4,105744.0,Ingreso,Ahorro,INGRESO4,201510
A000405,2015-10-30,inversion,ahorro_7,INGRESO5,-105756.0,Egreso,Ahorro,INGRESO5,201510
A000412,2015-10-31,actividad,actividad_16,INGRESO1,-168378.33000000002,Egreso,Actividad Comercial,Actividad Economica,201510
A000438,2015-11-13,transaccion,transaccion_7,INGRESO9,253794.0,Ingreso,Ingreso,INGRESO9,201511
A000441,2015-11-13,inversion,ahorro_4,INGRESO2,52869.0,Ingreso,Ahorro,INGRESO2,201511
A000442,2015-11-13,inversion,ahorro_5,INGRESO3,-52881.0,Egreso,Ahorro,INGRESO3,201511
A000443,2015-11-13,inversion,ahorro_1,INGRESO9,-52881.0,Egreso,Ahorro,INGRESO9,201511
A000444,2015-11-13,inversion,ahorro_2,INGRESO10,52869.0,Ingreso,Ahorro,INGRESO10,201511
A000445,2015-11-13,inversion,ahorro_8,INGRESO6,78883.5,Ingreso,Ahorro,INGRESO6,201511
A000446,2015-11-13,inversion,ahorro_9,INGRESO7,-78895.5,Egreso,Ahorro,INGRESO7,201511
A000465,2015-11-20,actividad,actividad_19,INGRESO5,-246756.0,Egreso,Actividad Comercial,Actividad Economica,201511
A000512,2015-11-30,transaccion,transaccion_18,INGRESO10,383129.07,Ingreso,Ingreso,INGRESO10,201511
A000513,2015-11-30,inversion,ahorro_3,INGRESO1,-123381.0,Egreso,Ahorro,INGRESO1,201511
A000514,2015-11-30,inversion,ahorro_4,INGRESO2,123369.0,Ingreso,Ahorro,INGRESO2,201511
A000515,2015-11-30,inversion,ahorro_6,INGRESO4,158619.0,Ingreso,Ahorro,INGRESO4,201511
A000516,2015-11-30,inversion,ahorro_7,INGRESO5,-158631.0,Egreso,Ahorro,INGRESO5,201511
A000517,2015-11-30,inversion,ahorro_10,INGRESO8,70494.0,Ingreso,Ahorro,INGRESO8,201511
A000518,2015-11-30,inversion,ahorro_1,INGRESO9,-70506.0,Egreso,Ahorro,INGRESO9,201511
A000526,2015-12-04,transaccion,transaccion_4,INGRESO7,333398.37,Ingreso,Ingreso,INGRESO7,201512
A000527,2015-12-04,inversion,ahorro_5,INGRESO3,-220530.0,Egreso,Ahorro,INGRESO3,201512
A000528,2015-12-04,inversion,ahorro_6,INGRESO4,220522.935,Ingreso,Ahorro,INGRESO4,201512
A000547,2015-12-15,transaccion,transaccion_7,INGRESO1,253794.0,Ingreso,Ingreso,INGRESO1,201512
A000548,2015-12-15,inversion,ahorro_8,INGRESO6,123369.0,Ingreso,Ahorro,INGRESO6,201512
A000549,2015-12-15,inversion,ahorro_9,INGRESO7,-123381.0,Egreso,Ahorro,INGRESO7,201512
A000550,2015-12-15,inversion,ahorro_7,INGRESO5,-70506.0,Egreso,Ahorro,INGRESO5,201512
A000551,2015-12-15,inversion,ahorro_8,INGRESO6,70494.0,Ingreso,Ahorro,INGRESO6,201512
A000591,2015-12-31,transaccion,transaccion_1,INGRESO2,391688.475,Ingreso,Ingreso,INGRESO2,201512
A000592,2015-12-31,inversion,ahorro_10,INGRESO8,88119.0,Ingreso,Ahorro,INGRESO8,201512
A000593,2015-12-31,inversion,ahorro_1,INGRESO9,-88131.0,Egreso,Ahorro,INGRESO9,201512
A000596,2015-12-31,inversion,ahorro_9,INGRESO7,-52881.0,Egreso,Ahorro,INGRESO7,201512
A000597,2015-12-31,inversion,ahorro_10,INGRESO8,52869.0,Ingreso,Ahorro,INGRESO8,201512
A000598,2015-12-31,inversion,ahorro_2,INGRESO10,52869.0,Ingreso,Ahorro,INGRESO10,201512
A000599,2015-12-31,inversion,ahorro_3,INGRESO1,-52881.0,Egreso,Ahorro,INGRESO1,201512
A000640,2016-01-15,transaccion,transaccion_14,INGRESO3,253794.0,Ingreso,Ingreso,INGRESO3,201601
A000641,2016-01-15,inversion,ahorro_2,INGRESO10,77544.0,Ingreso,Ahorro,INGRESO10,201601
A000642,2016-01-15,inversion,ahorro_3,INGRESO1,-77556.0,Egreso,Ahorro,INGRESO1,201601
A000645,2016-01-15,inversion,ahorro_1,INGRESO9,-52881.0,Egreso,Ahorro,INGRESO9,201601
A000646,2016-01-15,inversion,ahorro_2,INGRESO10,52869.0,Ingreso,Ahorro,INGRESO10,201601
A000674,2016-01-29,transaccion,transaccion_6,INGRESO4,380387.32499999995,Ingreso,Ingreso,INGRESO4,201601
A000675,2016-01-29,inversion,ahorro_4,INGRESO2,151569.0,Ingreso,Ahorro,INGRESO2,201601
A000676,2016-01-29,inversion,ahorro_5,INGRESO3,-151581.0,Egreso,Ahorro,INGRESO3,201601
A000685,2016-02-03,inversion,ahorro_3,INGRESO1,-88131.0,Egreso,Ahorro,INGRESO1,201602
A000686,2016-02-03,inversion,ahorro_4,INGRESO2,88119.0,Ingreso,Ahorro,INGRESO2,201602
A000687,2016-02-03,inversion,ahorro_4,INGRESO2,52869.0,Ingreso,Ahorro,INGRESO2,201602
A000688,2016-02-03,inversion,ahorro_5,INGRESO3,-52881.0,Egreso,Ahorro,INGRESO3,201602
A000698,2016-02-09,inversion,divisa_3,INGRESO1,-877731.0,Egreso,Trabajo,INGRESO1,201602
A000701,2016-02-10,inversion,divisa_4,INGRESO2,928514.25,Ingreso,Trabajo,INGRESO2,201602
A000704,2016-02-10,inversion,divisa_1,INGRESO3,-528756.0,Egreso,Trabajo,INGRESO3,201602
A000705,2016-02-12,inversion,ahorro_6,INGRESO4,895344.0,Ingreso,Ahorro,INGRESO4,201602
A000706,2016-02-12,inversion,ahorro_7,INGRESO5,-895356.0,Egreso,Ahorro,INGRESO5,201602
A000711,2016-02-15,transaccion,transaccion_14,INGRESO5,281994.0,Ingreso,Ingreso,INGRESO5,201602
A000712,2016-02-15,inversion,ahorro_8,INGRESO6,52869.0,Ingreso,Ahorro,INGRESO6,201602
A000713,2016-02-15,inversion,ahorro_9,INGRESO7,-52881.0,Egreso,Ahorro,INGRESO7,201602
A000716,2016-02-15,inversion,ahorro_5,INGRESO3,-70506.0,Egreso,Ahorro,INGRESO3,201602
A000717,2016-02-15,inversion,ahorro_6,INGRESO4,70494.0,Ingreso,Ahorro,INGRESO4,201602
A000718,2016-02-15,inversion,ahorro_6,INGRESO4,70494.0,Ingreso,Ahorro,INGRESO4,201602
A000719,2016-02-15,inversion,ahorro_7,INGRESO5,-70506.0,Egreso,Ahorro,INGRESO5,201602
A000736,2016-02-29,transaccion,transaccion_20,INGRESO6,452955.795,Ingreso,Ingreso,INGRESO6,201602
A000738,2016-02-29,inversion,ahorro_10,INGRESO8,88119.0,Ingreso,Ahorro,INGRESO8,201602
A000739,2016-02-29,inversion,ahorro_1,INGRESO9,-88131.0,Egreso,Ahorro,INGRESO9,201602
A000742,2016-02-29,inversion,ahorro_7,INGRESO5,-141006.0,Egreso,Ahorro,INGRESO5,201602
A000743,2016-02-29,inversion,ahorro_8,INGRESO6,140994.0,Ingreso,Ahorro,INGRESO6,201602
A000744,2016-02-29,inversion,ahorro_8,INGRESO6,70494.0,Ingreso,Ahorro,INGRESO6,201602
A000745,2016-02-29,inversion,ahorro_9,INGRESO7,-70506.0,Egreso,Ahorro,INGRESO7,201602
A000779,2016-03-15,transaccion,transaccion_12,INGRESO7,281994.0,Ingreso,Ingreso,INGRESO7,201603
A000780,2016-03-15,inversion,ahorro_2,INGRESO10,140994.0,Ingreso,Ahorro,INGRESO10,201603
A000781,2016-03-15,inversion,ahorro_3,INGRESO1,-141006.0,Egreso,Ahorro,INGRESO1,201603
A000784,2016-03-15,inversion,ahorro_9,INGRESO7,-70506.0,Egreso,Ahorro,INGRESO7,201603
A000785,2016-03-15,inversion,ahorro_10,INGRESO8,70494.0,Ingreso,Ahorro,INGRESO8,201603
A000828,2016-03-26,inversion,ahorro_6,INGRESO4,7044.0,Ingreso,Ahorro,INGRESO4,201603
A000833,2016-03-31,transaccion,transaccion_9,INGRESO8,428689.695,Ingreso,Ingreso,INGRESO8,201603
A000837,2016-04-01,inversion,ahorro_4,INGRESO2,88119.0,Ingreso,Ahorro,INGRESO2,201604
A000838,2016-04-01,inversion,ahorro_5,INGRESO3,-88131.0,Egreso,Ahorro,INGRESO3,201604
A000851,2016-04-07,inversion,ahorro_1,INGRESO9,-88131.0,Egreso,Ahorro,INGRESO9,201604
A000852,2016-04-07,inversion,ahorro_2,INGRESO10,88119.0,Ingreso,Ahorro,INGRESO10,201604
A000855,2016-04-07,inversion,ahorro_10,INGRESO8,52869.0,Ingreso,Ahorro,INGRESO8,201604
A000856,2016-04-07,inversion,ahorro_1,INGRESO9,-52881.0,Egreso,Ahorro,INGRESO9,201604
A000874,2016-04-14,transaccion,transaccion_15,INGRESO1,5376375.465,Ingreso,Ingreso,INGRESO1,201604
A000875,2016-04-14,inversion,ahorro_3,INGRESO1,-1410006.0,Egreso,Ahorro,INGRESO1,201604
A000876,2016-04-14,inversion,ahorro_4,INGRESO2,1409994.0,Ingreso,Ahorro,INGRESO2,201604
A000877,2016-04-14,inversion,ahorro_6,INGRESO4,1409994.0,Ingreso,Ahorro,INGRESO4,201604
A000878,2016-04-14,inversion,ahorro_7,INGRESO5,-1410006.0,Egreso,Ahorro,INGRESO5,201604
A000879,2016-04-14,inversion,ahorro_2,INGRESO10,1127994.0,Ingreso,Ahorro,INGRESO10,201604
A000880,2016-04-14,inversion,ahorro_3,INGRESO1,-1128006.0,Egreso,Ahorro,INGRESO1,201604
A000883,2016-04-15,transaccion,transaccion_17,INGRESO9,281994.0,Ingreso,Ingreso,INGRESO9,201604
A000884,2016-04-15,inversion,ahorro_8,INGRESO6,52869.0,Ingreso,Ahorro,INGRESO6,201604
A000885,2016-04-15,inversion,ahorro_9,INGRESO7,-52881.0,Egreso,Ahorro,INGRESO7,201604
A000890,2016-04-15,inversion,ahorro_5,INGRESO3,-52881.0,Egreso,Ahorro,INGRESO3,201604
A000891,2016-04-15,inversion,ahorro_6,INGRESO4,52869.0,Ingreso,Ahorro,INGRESO4,201604
A000940,2016-04-29,transaccion,transaccion_13,INGRESO10,457785.75,Ingreso,Ingreso,INGRESO10,201604
A000941,2016-04-29,inversion,ahorro_7,INGRESO5,-88131.0,Egreso,Ahorro,INGRESO5,201604
A000942,2016-04-29,inversion,ahorro_8,INGRESO6,88119.0,Ingreso,Ahorro,INGRESO6,201604
A000945,2016-04-29,inversion,ahorro_10,INGRESO8,88119.0,Ingreso,Ahorro,INGRESO8,201604
A000946,2016-04-29,inversion,ahorro_1,INGRESO9,-88131.0,Egreso,Ahorro,INGRESO9,201604
A000949,2016-04-29,inversion,ahorro_4,INGRESO2,70494.0,Ingreso,Ahorro,INGRESO2,201604
A000950,2016-04-29,inversion,ahorro_5,INGRESO3,-70506.0,Egreso,Ahorro,INGRESO3,201604
A000965,2016-05-04,inversion,divisa_2,INGRESO4,-281301.0,Egreso,Trabajo,INGRESO4,201605
A000978,2016-05-13,transaccion,transaccion_17,INGRESO1,281994.0,Ingreso,Ingreso,INGRESO1,201605
A000988,2016-05-16,inversion,ahorro_9,INGRESO7,-52881.0,Egreso,Ahorro,INGRESO7,201605
A000989,2016-05-16,inversion,ahorro_10,INGRESO8,52869.0,Ingreso,Ahorro,INGRESO8,201605
A000992,2016-05-16,inversion,ahorro_2,INGRESO10,52869.0,Ingreso,Ahorro,INGRESO10,201605
A000993,2016-05-16,inversion,ahorro_3,INGRESO1,-52881.0,Egreso,Ahorro,INGRESO1,201605
A001049,2016-05-31,transaccion,transaccion_15,INGRESO2,549528.8099999999,Ingreso,Ingreso,INGRESO2,201605
A001051,2016-06-01,inversion,ahorro_1,INGRESO9,-88131.0,Egreso,Ahorro,INGRESO9,201606
A001052,2016-06-01,inversion,ahorro_2,INGRESO10,88119.0,Ingreso,Ahorro,INGRESO10,201606
A001055,2016-06-01,inversion,ahorro_4,INGRESO2,88119.0,Ingreso,Ahorro,INGRESO2,201606
A001056,2016-06-01,inversion,ahorro_5,INGRESO3,-88131.0,Egreso,Ahorro,INGRESO3,201606
A001059,2016-06-01,inversion,ahorro_6,INGRESO4,70494.0,Ingreso,Ahorro,INGRESO4,201606
A001060,2016-06-01,inversion,ahorro_7,INGRESO5,-70506.0,Egreso,Ahorro,INGRESO5,201606
A001107,2016-06-15,transaccion,transaccion_4,INGRESO3,281994.0,Ingreso,Ingreso,INGRESO3,201606
A001108,2016-06-15,inversion,ahorro_3,INGRESO1,-52881.0,Egreso,Ahorro,INGRESO1,201606
A001109,2016-06-15,inversion,ahorro_4,INGRESO2,52869.0,Ingreso,Ahorro,INGRESO2,201606
A001112,2016-06-15,inversion,ahorro_6,INGRESO4,52869.0,Ingreso,Ahorro,INGRESO4,201606
A001113,2016-06-15,inversion,ahorro_7,INGRESO5,-52881.0,Egreso,Ahorro,INGRESO5,201606
A001145,2016-06-30,transaccion,transaccion_12,INGRESO4,423372.585,Ingreso,Ingreso,INGRESO4,201606
A001146,2016-06-30,inversion,ahorro_5,INGRESO3,-88131.0,Egreso,Ahorro,INGRESO3,201606
A001147,2016-06-30,inversion,ahorro_6,INGRESO4,88119.0,Ingreso,Ahorro,INGRESO4,201606
A001148,2016-06-30,inversion,ahorro_8,INGRESO6,88119.0,Ingreso,Ahorro,INGRESO6,201606
A001149,2016-06-30,inversion,ahorro_9,INGRESO7,-88131.0,Egreso,Ahorro,INGRESO7,201606
A001189,2016-07-15,transaccion,transaccion_6,INGRESO5,281994.0,Ingreso,Ingreso,INGRESO5,201607
A001191,2016-07-15,inversion,ahorro_7,INGRESO5,-52881.0,Egreso,Ahorro,INGRESO5,201607
A001192,2016-07-15,inversion,ahorro_8,INGRESO6,52869.0,Ingreso,Ahorro,INGRESO6,201607
A001193,2016-07-15,inversion,ahorro_10,INGRESO8,52869.0,Ingreso,Ahorro,INGRESO8,201607
A001194,2016-07-15,inversion,ahorro_1,INGRESO9,-52881.0,Egreso,Ahorro,INGRESO9,201607
A001206,2016-07-17,actividad,actividad_9,INGRESO3,-52876.770000000004,Egreso,Actividad Comercial,Actividad Economica,201607
A001231,2016-07-29,transaccion,transaccion_20,INGRESO6,422620.35,Ingreso,Ingreso,INGRESO6,201607
A001232,2016-07-29,inversion,ahorro_9,INGRESO7,-88131.0,Egreso,Ahorro,INGRESO7,201607
A001233,2016-07-29,inversion,ahorro_10,INGRESO8,88119.0,Ingreso,Ahorro,INGRESO8,201607
A001234,2016-07-29,inversion,ahorro_2,INGRESO10,88119.0,Ingreso,Ahorro,INGRESO10,201607
A001235,2016-07-29,inversion,ahorro_3,INGRESO1,-88131.0,Egreso,Ahorro,INGRESO1,201607
A001265,2016-08-06,inversion,ahorro_7,INGRESO5,28194.0,Ingreso,Ahorro,INGRESO5,201608
A001295,2016-08-15,transaccion,transaccion_18,INGRESO7,281994.0,Ingreso,Ingreso,INGRESO7,201608
A001296,2016-08-15,inversion,ahorro_1,INGRESO9,-52881.0,Egreso,Ahorro,INGRESO9,201608
A001297,2016-08-15,inversion,ahorro_2,INGRESO10,52869.0,Ingreso,Ahorro,INGRESO10,201608
A001298,2016-08-15,inversion,ahorro_4,INGRESO2,52869.0,Ingreso,Ahorro,INGRESO2,201608
A001299,2016-08-15,inversion,ahorro_5,INGRESO3,-52881.0,Egreso,Ahorro,INGRESO3,201608
A001310,2016-08-20,inversion,ahorro_8,INGRESO6,15504.0,Ingreso,Ahorro,INGRESO6,201608
A001316,2016-08-21,inversion,divisa_3,INGRESO5,-49356.0,Egreso,Trabajo,INGRESO5,201608
A001331,2016-08-31,transaccion,transaccion_2,INGRESO8,452662.515,Ingreso,Ingreso,INGRESO8,201608
A001332,2016-08-31,inversion,ahorro_3,INGRESO1,-88131.0,Egreso,Ahorro,INGRESO1,201608
A001333,2016-08-31,inversion,ahorro_4,INGRESO2,88119.0,Ingreso,Ahorro,INGRESO2,201608
A001334,2016-08-31,inversion,ahorro_6,INGRESO4,88119.0,Ingreso,Ahorro,INGRESO4,201608
A001335,2016-08-31,inversion,ahorro_7,INGRESO5,-88131.0,Egreso,Ahorro,INGRESO5,201608
A001340,2016-08-31,inversion,ahorro_8,INGRESO6,70494.0,Ingreso,Ahorro,INGRESO6,201608
A001341,2016-08-31,inversion,ahorro_9,INGRESO7,-70506.0,Egreso,Ahorro,INGRESO7,201608
A001364,2016-09-15,transaccion,transaccion_8,INGRESO9,281994.0,Ingreso,Ingreso,INGRESO9,201609
A001365,2016-09-15,inversion,ahorro_5,INGRESO3,-52881.0,Egreso,Ahorro,INGRESO3,201609
A001366,2016-09-15,inversion,ahorro_6,INGRESO4,52869.0,Ingreso,Ahorro,INGRESO4,201609
A001367,2016-09-15,inversion,ahorro_8,INGRESO6,52869.0,Ingreso,Ahorro,INGRESO6,201609
A001368,2016-09-15,inversion,ahorro_9,INGRESO7,-52881.0,Egreso,Ahorro,INGRESO7,201609
A001380,2016-09-15,inversion,divisa_4,INGRESO6,-126906.0,Egreso,Trabajo,INGRESO6,201609
A001384,2016-09-17,inversion,divisa_2,INGRESO2,138754.92,Ingreso,Trabajo,INGRESO2,201609
A001404,2016-09-22,inversion,divisa_3,INGRESO3,846823.08,Ingreso,Trabajo,INGRESO3,201609
A001405,2016-09-22,transaccion,transaccion: nombre_18,INGRESO7,49344.0,Ingreso,Ingreso,INGRESO7,201609
A001460,2016-09-30,transaccion,transaccion_2,INGRESO10,423372.585,Ingreso,Ingreso,INGRESO10,201609
A001462,2016-09-30,inversion,ahorro_7,INGRESO5,-88131.0,Egreso,Ahorro,INGRESO5,201609
A001463,2016-09-30,inversion,ahorro_8,INGRESO6,88119.0,Ingreso,Ahorro,INGRESO6,201609
A001464,2016-09-30,inversion,ahorro_10,INGRESO8,88119.0,Ingreso,Ahorro,INGRESO8,201609
A001465,2016-09-30,inversion,ahorro_1,INGRESO9,-88131.0,Egreso,Ahorro,INGRESO9,201609
A001470,2016-09-30,inversion,ahorro_10,INGRESO8,70494.0,Ingreso,Ahorro,INGRESO8,201609
A001471,2016-09-30,inversion,ahorro_1,INGRESO9,-70506.0,Egreso,Ahorro,INGRESO9,201609
A001507,2016-10-14,transaccion,transaccion_13,INGRESO1,281994.0,Ingreso,Ingreso,INGRESO1,201610
A001508,2016-10-14,inversion,ahorro_9,INGRESO7,-52881.0,Egreso,Ahorro,INGRESO7,201610
A001509,2016-10-14,inversion,ahorro_10,INGRESO8,52869.0,Ingreso,Ahorro,INGRESO8,201610
A001510,2016-10-14,inversion,ahorro_2,INGRESO10,52869.0,Ingreso,Ahorro,INGRESO10,201610
A001511,2016-10-14,inversion,ahorro_3,INGRESO1,-52881.0,Egreso,Ahorro,INGRESO1,201610
A001516,2016-10-14,inversion,ahorro_2,INGRESO10,57804.0,Ingreso,Ahorro,INGRESO10,201610
A001517,2016-10-14,inversion,ahorro_3,INGRESO1,-57816.0,Egreso,Ahorro,INGRESO1,201610
A001550,2016-10-31,transaccion,transaccion_1,INGRESO2,422620.35,Ingreso,Ingreso,INGRESO2,201610
A001551,2016-10-31,inversion,ahorro_1,INGRESO9,-88131.0,Egreso,Ahorro,INGRESO9,201610
A001552,2016-10-31,inversion,ahorro_2,INGRESO10,88119.0,Ingreso,Ahorro,INGRESO10,201610
A001553,2016-10-31,inversion,ahorro_4,INGRESO2,88119.0,Ingreso,Ahorro,INGRESO2,201610
A001554,2016-10-31,inversion,ahorro_5,INGRESO3,-88131.0,Egreso,Ahorro,INGRESO3,201610
A001559,2016-10-31,inversion,ahorro_4,INGRESO2,56394.0,Ingreso,Ahorro,INGRESO2,201610
A001560,2016-10-31,inversion,ahorro_5,INGRESO3,-56406.0,Egreso,Ahorro,INGRESO3,201610
A001575,2016-11-15,transaccion,transaccion_6,INGRESO3,281994.0,Ingreso,Ingreso,INGRESO3,201611
A001576,2016-11-15,inversion,ahorro_3,INGRESO1,-52881.0,Egreso,Ahorro,INGRESO1,201611
A001577,2016-11-15,inversion,ahorro_4,INGRESO2,52869.0,Ingreso,Ahorro,INGRESO2,201611
A001578,2016-11-15,inversion,ahorro_6,INGRESO4,52869.0,Ingreso,Ahorro,INGRESO4,201611
A001579,2016-11-15,inversion,ahorro_7,INGRESO5,-52881.0,Egreso,Ahorro,INGRESO5,201611
A001584,2016-11-15,inversion,ahorro_6,INGRESO4,35244.0,Ingreso,Ahorro,INGRESO4,201611
A001585,2016-11-15,inversion,ahorro_7,INGRESO5,-35256.0,Egreso,Ahorro,INGRESO5,201611
A001625,2016-11-30,transaccion,transaccion_13,INGRESO4,423372.585,Ingreso,Ingreso,INGRESO4,201611
A001626,2016-11-30,inversion,ahorro_5,INGRESO3,-88131.0,Egreso,Ahorro,INGRESO3,201611
A001627,2016-11-30,inversion,ahorro_6,INGRESO4,88119.0,Ingreso,Ahorro,INGRESO4,201611
A001628,2016-11-30,inversion,ahorro_8,INGRESO6,88119.0,Ingreso,Ahorro,INGRESO6,201611
A001629,2016-11-30,inversion,ahorro_9,INGRESO7,-88131.0,Egreso,Ahorro,INGRESO7,201611
A001634,2016-11-30,inversion,ahorro_8,INGRESO6,56394.0,Ingreso,Ahorro,INGRESO6,201611
A001635,2016-11-30,inversion,ahorro_9,INGRESO7,-56406.0,Egreso,Ahorro,INGRESO7,201611
A001644,2016-12-05,transaccion,transaccion_16,INGRESO8,546022.845,Ingreso,Ingreso,INGRESO8,201612
A001656,2016-12-15,transaccion,transaccion_2,INGRESO5,281994.0,Ingreso,Ingreso,INGRESO5,201612
A001660,2016-12-16,inversion,ahorro_7,INGRESO5,-52881.0,Egreso,Ahorro,INGRESO5,201612
A001661,2016-12-16,inversion,ahorro_8,INGRESO6,52869.0,Ingreso,Ahorro,INGRESO6,201612
A001662,2016-12-16,inversion,ahorro_10,INGRESO8,52869.0,Ingreso,Ahorro,INGRESO8,201612
A001663,2016-12-16,inversion,ahorro_1,INGRESO9,-52881.0,Egreso,Ahorro,INGRESO9,201612
A001668,2016-12-16,inversion,ahorro_10,INGRESO8,35244.0,Ingreso,Ahorro,INGRESO8,201612
A001669,2016-12-16,inversion,ahorro_1,INGRESO9,-35256.0,Egreso,Ahorro,INGRESO9,201612
A001687,2016-12-20,transaccion,transaccion_10,INGRESO7,352494.0,Ingreso,Ingreso,INGRESO7,201612
A001708,2016-12-30,transaccion,transaccion_18,INGRESO6,422620.35,Ingreso,Ingreso,INGRESO6,201612
A001709,2016-12-30,inversion,ahorro_9,INGRESO7,-88131.0,Egreso,Ahorro,INGRESO7,201612
A001710,2016-12-30,inversion,ahorro_10,INGRESO8,88119.0,Ingreso,Ahorro,INGRESO8,201612
A001711,2016-12-30,inversion,ahorro_2,INGRESO10,88119.0,Ingreso,Ahorro,INGRESO10,201612
A001712,2016-12-30,inversion,ahorro_3,INGRESO1,-88131.0,Egreso,Ahorro,INGRESO1,201612
A001717,2016-12-30,inversion,ahorro_2,INGRESO10,514644.0,Ingreso,Ahorro,INGRESO10,201612
A001718,2016-12-30,inversion,ahorro_3,INGRESO1,-514656.0,Egreso,Ahorro,INGRESO1,201612
A001740,2017-01-13,transaccion,transaccion_5,INGRESO7,281994.0,Ingreso,Ingreso,INGRESO7,201701
A001741,2017-01-13,inversion,ahorro_1,INGRESO9,-52881.0,Egreso,Ahorro,INGRESO9,201701
A001742,2017-01-13,inversion,ahorro_2,INGRESO10,52869.0,Ingreso,Ahorro,INGRESO10,201701
A001743,2017-01-13,inversion,ahorro_4,INGRESO2,151569.0,Ingreso,Ahorro,INGRESO2,201701
A001744,2017-01-13,inversion,ahorro_5,INGRESO3,-151581.0,Egreso,Ahorro,INGRESO3,201701
A001797,2017-01-31,transaccion,transaccion_16,INGRESO8,415228.42500000005,Ingreso,Ingreso,INGRESO8,201701
A001804,2017-02-01,inversion,inversion: nombre_1,INGRESO4,-141006.0,Egreso,Trabajo,INGRESO4,201702
A001811,2017-02-03,inversion,inversion: nombre_20,INGRESO5,-493506.0,Egreso,Trabajo,INGRESO5,201702
A001837,2017-02-15,transaccion,transaccion_7,INGRESO9,281994.0,Ingreso,Ingreso,INGRESO9,201702
A001839,2017-02-15,inversion,ahorro_3,INGRESO1,-141006.0,Egreso,Ahorro,INGRESO1,201702
A001840,2017-02-15,inversion,ahorro_4,INGRESO2,140994.0,Ingreso,Ahorro,INGRESO2,201702
A001841,2017-02-15,inversion,ahorro_6,INGRESO4,140994.0,Ingreso,Ahorro,INGRESO4,201702
A001842,2017-02-15,inversion,ahorro_7,INGRESO5,-141006.0,Egreso,Ahorro,INGRESO5,201702
A001876,2017-02-28,transaccion,transaccion_17,INGRESO10,422527.29,Ingreso,Ingreso,INGRESO10,201702
A001877,2017-02-28,inversion,ahorro_8,INGRESO6,88119.0,Ingreso,Ahorro,INGRESO6,201702
A001878,2017-02-28,inversion,ahorro_9,INGRESO7,-88131.0,Egreso,Ahorro,INGRESO7,201702
A001883,2017-02-28,inversion,ahorro_5,INGRESO3,-88131.0,Egreso,Ahorro,INGRESO3,201702
A001884,2017-02-28,inversion,ahorro_6,INGRESO4,88119.0,Ingreso,Ahorro,INGRESO4,201702
A001970,2017-03-15,transaccion,transaccion_14,INGRESO1,281994.0,Ingreso,Ingreso,INGRESO1,201703
A001982,2017-03-16,inversion,divisa_4,INGRESO4,458808.0,Ingreso,Trabajo,INGRESO4,201703
A002022,2017-03-20,actividad,actividad_12,INGRESO5,-35255.295,Egreso,Actividad Comercial,Actividad Economica,201703
A002053,2017-03-30,transaccion,transaccion_19,INGRESO2,520940.35500000004,Ingreso,Ingreso,INGRESO2,201703
A002054,2017-03-30,inversion,ahorro_10,INGRESO8,88119.0,Ingreso,Ahorro,INGRESO8,201703
A002055,2017-03-30,inversion,ahorro_1,INGRESO9,-88131.0,Egreso,Ahorro,INGRESO9,201703
A002058,2017-03-30,inversion,ahorro_7,INGRESO5,-88131.0,Egreso,Ahorro,INGRESO5,201703
A002059,2017-03-30,inversion,ahorro_8,INGRESO6,88119.0,Ingreso,Ahorro,INGRESO6,201703
A002097,2017-04-12,transaccion,transaccion_15,INGRESO3,281994.0,Ingreso,Ingreso,INGRESO3,201704
A002115,2017-04-17,inversion,ahorro_2,INGRESO10,52869.0,Ingreso,Ahorro,INGRESO10,201704
A002116,2017-04-17,inversion,ahorro_3,INGRESO1,-52881.0,Egreso,Ahorro,INGRESO1,201704
A002121,2017-04-17,inversion,ahorro_9,INGRESO7,-52881.0,Egreso,Ahorro,INGRESO7,201704
A002122,2017-04-17,inversion,ahorro_10,INGRESO8,52869.0,Ingreso,Ahorro,INGRESO8,201704
A002137,2017-04-25,transaccion,transaccion_1,INGRESO4,658111.5,Ingreso,Ingreso,INGRESO4,201704
A002138,2017-04-25,inversion,ahorro_4,INGRESO2,126894.0,Ingreso,Ahorro,INGRESO2,201704
A002139,2017-04-25,inversion,ahorro_5,INGRESO3,-126906.0,Egreso,Ahorro,INGRESO3,201704
A002140,2017-04-25,inversion,ahorro_1,INGRESO9,-126906.0,Egreso,Ahorro,INGRESO9,201704
A002141,2017-04-25,inversion,ahorro_2,INGRESO10,126894.0,Ingreso,Ahorro,INGRESO10,201704
A002142,2017-04-25,inversion,ahorro_4,INGRESO2,126894.0,Ingreso,Ahorro,INGRESO2,201704
A002143,2017-04-25,inversion,ahorro_5,INGRESO3,-126906.0,Egreso,Ahorro,INGRESO3,201704
A002149,2017-04-28,transaccion,transaccion_3,INGRESO4,521692.58999999997,Ingreso,Ingreso,INGRESO4,201704
A002150,2017-04-28,inversion,ahorro_6,INGRESO4,88119.0,Ingreso,Ahorro,INGRESO4,201704
A002151,2017-04-28,inversion,ahorro_7,INGRESO5,-88131.0,Egreso,Ahorro,INGRESO5,201704
A002156,2017-04-28,inversion,ahorro_3,INGRESO1,-88131.0,Egreso,Ahorro,INGRESO1,201704
A002157,2017-04-28,inversion,ahorro_4,INGRESO2,88119.0,Ingreso,Ahorro,INGRESO2,201704
A002158,2017-04-28,inversion,ahorro_6,INGRESO4,56394.0,Ingreso,Ahorro,INGRESO4,201704
A002159,2017-04-28,inversion,ahorro_7,INGRESO5,-56406.0,Egreso,Ahorro,INGRESO5,201704
A002181,2017-05-11,actividad,actividad_10,INGRESO2,-106196.625,Egreso,Actividad Comercial,Actividad Economica,201705
A002183,2017-05-12,transaccion,transaccion_11,INGRESO2,9121184.595,Ingreso,Ingreso,INGRESO2,201705
A002184,2017-05-12,inversion,ahorro_8,INGRESO6,2347644.0,Ingreso,Ahorro,INGRESO6,201705
A002185,2017-05-12,inversion,ahorro_9,INGRESO7,-2347656.0,Egreso,Ahorro,INGRESO7,201705
A002188,2017-05-12,inversion,ahorro_5,INGRESO3,-2347656.0,Egreso,Ahorro,INGRESO3,201705
A002189,2017-05-12,inversion,ahorro_6,INGRESO4,2347644.0,Ingreso,Ahorro,INGRESO4,201705
A002192,2017-05-12,inversion,ahorro_8,INGRESO6,2354694.0,Ingreso,Ahorro,INGRESO6,201705
A002193,2017-05-12,inversion,ahorro_9,INGRESO7,-2354706.0,Egreso,Ahorro,INGRESO7,201705
A002221,2017-05-15,transaccion,transaccion_2,INGRESO5,281994.0,Ingreso,Ingreso,INGRESO5,201705
A002222,2017-05-15,inversion,ahorro_10,INGRESO8,52869.0,Ingreso,Ahorro,INGRESO8,201705
A002223,2017-05-15,inversion,ahorro_1,INGRESO9,-52881.0,Egreso,Ahorro,INGRESO9,201705
A002224,2017-05-15,inversion,ahorro_7,INGRESO5,-52881.0,Egreso,Ahorro,INGRESO5,201705
A002225,2017-05-15,inversion,ahorro_8,INGRESO6,52869.0,Ingreso,Ahorro,INGRESO6,201705
A002239,2017-05-19,transaccion,transaccion_5,INGRESO5,164541.0,Ingreso,Ingreso,INGRESO5,201705
A002270,2017-05-31,transaccion,transaccion_13,INGRESO6,603988.6499999999,Ingreso,Ingreso,INGRESO6,201705
A002271,2017-05-31,inversion,ahorro_2,INGRESO10,123369.0,Ingreso,Ahorro,INGRESO10,201705
A002272,2017-05-31,inversion,ahorro_3,INGRESO1,-123381.0,Egreso,Ahorro,INGRESO1,201705
A002275,2017-05-31,inversion,ahorro_9,INGRESO7,-123381.0,Egreso,Ahorro,INGRESO7,201705
A002276,2017-05-31,inversion,ahorro_10,INGRESO8,123369.0,Ingreso,Ahorro,INGRESO8,201705
A002277,2017-05-31,inversion,ahorro_10,INGRESO8,105744.0,Ingreso,Ahorro,INGRESO8,201705
A002278,2017-05-31,inversion,ahorro_1,INGRESO9,-105756.0,Egreso,Ahorro,INGRESO9,201705
A002320,2017-06-11,actividad,actividad_2,INGRESO2,-63385.5,Egreso,Actividad Comercial,Actividad Economica,201706
A002345,2017-06-12,actividad,actividad_10,INGRESO10,-66981.0,Egreso,Actividad Comercial,Actividad Economica,201706
A002363,2017-06-15,transaccion,transaccion_17,INGRESO7,281994.0,Ingreso,Ingreso,INGRESO7,201706
A002364,2017-06-15,inversion,ahorro_4,INGRESO2,52869.0,Ingreso,Ahorro,INGRESO2,201706
A002365,2017-06-15,inversion,ahorro_5,INGRESO3,-52881.0,Egreso,Ahorro,INGRESO3,201706
A002370,2017-06-15,inversion,ahorro_1,INGRESO9,-52881.0,Egreso,Ahorro,INGRESO9,201706
A002371,2017-06-15,inversion,ahorro_2,INGRESO10,52869.0,Ingreso,Ahorro,INGRESO10,201706
A002372,2017-06-15,inversion,ahorro_2,INGRESO10,56394.0,Ingreso,Ahorro,INGRESO10,201706
A002373,2017-06-15,inversion,ahorro_3,INGRESO1,-56406.0,Egreso,Ahorro,INGRESO1,201706
A002410,2017-06-22,actividad,actividad_4,INGRESO3,-43998.0,Egreso,Actividad Comercial,Actividad Economica,201706
A002437,2017-06-30,transaccion,transaccion_11,INGRESO8,429463.78500000003,Ingreso,Ingreso,INGRESO8,201706
A002438,2017-06-30,inversion,ahorro_6,INGRESO4,88119.0,Ingreso,Ahorro,INGRESO4,201706
A002439,2017-06-30,inversion,ahorro_7,INGRESO5,-88131.0,Egreso,Ahorro,INGRESO5,201706
A002444,2017-06-30,inversion,ahorro_3,INGRESO1,-88131.0,Egreso,Ahorro,INGRESO1,201706
A002445,2017-06-30,inversion,ahorro_4,INGRESO2,88119.0,Ingreso,Ahorro,INGRESO2,201706
A002446,2017-06-30,inversion,ahorro_4,INGRESO2,35244.0,Ingreso,Ahorro,INGRESO2,201706
A002447,2017-06-30,inversion,ahorro_5,INGRESO3,-35256.0,Egreso,Ahorro,INGRESO3,201706
A002474,2017-07-14,transaccion,transaccion_20,INGRESO9,281994.0,Ingreso,Ingreso,INGRESO9,201707
A002488,2017-07-17,inversion,ahorro_8,INGRESO6,52869.0,Ingreso,Ahorro,INGRESO6,201707
A002489,2017-07-17,inversion,ahorro_9,INGRESO7,-52881.0,Egreso,Ahorro,INGRESO7,201707
A002494,2017-07-17,inversion,ahorro_5,INGRESO3,-52881.0,Egreso,Ahorro,INGRESO3,201707
A002495,2017-07-17,inversion,ahorro_6,INGRESO4,52869.0,Ingreso,Ahorro,INGRESO4,201707
A002520,2017-07-24,actividad,actividad_12,INGRESO4,-2755.5,Egreso,Actividad Comercial,Actividad Economica,201707
A002548,2017-07-31,transaccion,transaccion_20,INGRESO10,452988.93,Ingreso,Ingreso,INGRESO10,201707
A002549,2017-07-31,inversion,ahorro_10,INGRESO8,88119.0,Ingreso,Ahorro,INGRESO8,201707
A002550,2017-07-31,inversion,ahorro_1,INGRESO9,-88131.0,Egreso,Ahorro,INGRESO9,201707
A002555,2017-07-31,inversion,ahorro_7,INGRESO5,-88131.0,Egreso,Ahorro,INGRESO5,201707
A002556,2017-07-31,inversion,ahorro_8,INGRESO6,88119.0,Ingreso,Ahorro,INGRESO6,201707
A002557,2017-07-31,inversion,ahorro_6,INGRESO4,35244.0,Ingreso,Ahorro,INGRESO4,201707
A002558,2017-07-31,inversion,ahorro_7,INGRESO5,-35256.0,Egreso,Ahorro,INGRESO5,201707
A002596,2017-08-15,transaccion,transaccion_7,INGRESO1,281994.0,Ingreso,Ingreso,INGRESO1,201708
A002598,2017-08-15,inversion,ahorro_2,INGRESO10,52869.0,Ingreso,Ahorro,INGRESO10,201708
A002599,2017-08-15,inversion,ahorro_3,INGRESO1,-52881.0,Egreso,Ahorro,INGRESO1,201708
A002604,2017-08-15,inversion,ahorro_9,INGRESO7,-52881.0,Egreso,Ahorro,INGRESO7,201708
A002605,2017-08-15,inversion,ahorro_10,INGRESO8,52869.0,Ingreso,Ahorro,INGRESO8,201708
A002606,2017-08-15,inversion,ahorro_8,INGRESO6,52869.0,Ingreso,Ahorro,INGRESO6,201708
A002607,2017-08-15,inversion,ahorro_9,INGRESO7,-52881.0,Egreso,Ahorro,INGRESO7,201708
A002620,2017-08-28,actividad,actividad_13,INGRESO2,180121.5,Ingreso,Actividad Comercial,Actividad Economica,201708
A002621,2017-08-31,transaccion,transaccion_14,INGRESO2,422642.205,Ingreso,Ingreso,INGRESO2,201708
A002625,2017-08-31,inversion,ahorro_4,INGRESO2,88119.0,Ingreso,Ahorro,INGRESO2,201708
A002626,2017-08-31,inversion,ahorro_5,INGRESO3,-88131.0,Egreso,Ahorro,INGRESO3,201708
A002631,2017-08-31,inversion,ahorro_1,INGRESO9,-88131.0,Egreso,Ahorro,INGRESO9,201708
A002632,2017-08-31,inversion,ahorro_2,INGRESO10,88119.0,Ingreso,Ahorro,INGRESO10,201708
A002633,2017-08-31,inversion,ahorro_10,INGRESO8,56394.0,Ingreso,Ahorro,INGRESO8,201708
A002634,2017-08-31,inversion,ahorro_1,INGRESO9,-56406.0,Egreso,Ahorro,INGRESO9,201708
A002646,2017-09-05,actividad,actividad_19,INGRESO9,-74031.0,Egreso,Actividad Comercial,Actividad Economica,201709
A002676,2017-09-15,transaccion,transaccion_15,INGRESO3,281994.0,Ingreso,Ingreso,INGRESO3,201709
A002677,2017-09-15,inversion,ahorro_6,INGRESO4,52869.0,Ingreso,Ahorro,INGRESO4,201709
A002678,2017-09-15,inversion,ahorro_7,INGRESO5,-52881.0,Egreso,Ahorro,INGRESO5,201709
A002683,2017-09-15,inversion,ahorro_3,INGRESO1,-52881.0,Egreso,Ahorro,INGRESO1,201709
A002684,2017-09-15,inversion,ahorro_4,INGRESO2,52869.0,Ingreso,Ahorro,INGRESO2,201709
A002685,2017-09-15,inversion,ahorro_2,INGRESO10,35244.0,Ingreso,Ahorro,INGRESO10,201709
A002686,2017-09-15,inversion,ahorro_3,INGRESO1,-35256.0,Egreso,Ahorro,INGRESO1,201709
A002741,2017-09-29,transaccion,transaccion_1,INGRESO4,428790.51,Ingreso,Ingreso,INGRESO4,201709
A002753,2017-10-02,inversion,ahorro_8,INGRESO6,88119.0,Ingreso,Ahorro,INGRESO6,201710
A002754,2017-10-02,inversion,ahorro_9,INGRESO7,-88131.0,Egreso,Ahorro,INGRESO7,201710
A002759,2017-10-02,inversion,ahorro_5,INGRESO3,-88131.0,Egreso,Ahorro,INGRESO3,201710
A002760,2017-10-02,inversion,ahorro_6,INGRESO4,88119.0,Ingreso,Ahorro,INGRESO4,201710
A002761,2017-10-02,inversion,ahorro_4,INGRESO2,35244.0,Ingreso,Ahorro,INGRESO2,201710
A002762,2017-10-02,inversion,ahorro_5,INGRESO3,-35256.0,Egreso,Ahorro,INGRESO3,201710
A002816,2017-10-12,transaccion,transaccion_20,INGRESO5,281994.0,Ingreso,Ingreso,INGRESO5,201710
A002822,2017-10-13,inversion,ahorro_10,INGRESO8,52869.0,Ingreso,Ahorro,INGRESO8,201710
A002823,2017-10-13,inversion,ahorro_1,INGRESO9,-52881.0,Egreso,Ahorro,INGRESO9,201710
A002830,2017-10-13,inversion,ahorro_6,INGRESO4,35244.0,Ingreso,Ahorro,INGRESO4,201710
A002831,2017-10-13,inversion,ahorro_7,INGRESO5,-35256.0,Egreso,Ahorro,INGRESO5,201710
A002918,2017-10-27,actividad,actividad_14,INGRESO3,-311656.185,Egreso,Actividad Comercial,Actividad Economica,201710
A002935,2017-10-29,actividad,actividad_20,INGRESO7,-24680.295000000002,Egreso,Actividad Comercial,Actividad Economica,201710
A002938,2017-10-31,transaccion,transaccion_1,INGRESO6,425755.485,Ingreso,Ingreso,INGRESO6,201710
A002940,2017-10-31,inversion,ahorro_2,INGRESO10,88119.0,Ingreso,Ahorro,INGRESO10,201710
A002941,2017-10-31,inversion,ahorro_3,INGRESO1,-88131.0,Egreso,Ahorro,INGRESO1,201710
A002944,2017-10-31,inversion,ahorro_7,INGRESO5,-88131.0,Egreso,Ahorro,INGRESO5,201710
A002945,2017-10-31,inversion,ahorro_8,INGRESO6,88119.0,Ingreso,Ahorro,INGRESO6,201710
A002946,2017-10-31,inversion,ahorro_8,INGRESO6,35244.0,Ingreso,Ahorro,INGRESO6,201710
A002947,2017-10-31,inversion,ahorro_9,INGRESO7,-35256.0,Egreso,Ahorro,INGRESO7,201710
A002986,2017-11-11,inversion,divisa_3,INGRESO7,401844.0,Ingreso,Trabajo,INGRESO7,201711
A002987,2017-11-11,inversion,divisa_1,INGRESO1,-1984.935,Egreso,Trabajo,INGRESO1,201711
A003008,2017-11-15,transaccion,transaccion_16,INGRESO7,281994.0,Ingreso,Ingreso,INGRESO7,201711
A003018,2017-11-18,inversion,divisa_4,INGRESO8,292005.0,Ingreso,Trabajo,INGRESO8,201711
A003048,2017-11-24,actividad,actividad_10,INGRESO1,-68807.655,Egreso,Actividad Comercial,Actividad Economica,201711
A003050,2017-11-25,inversion,divisa_1,INGRESO9,133944.0,Ingreso,Trabajo,INGRESO9,201711
A003089,2017-11-30,transaccion,transaccion_1,INGRESO8,423513.585,Ingreso,Ingreso,INGRESO8,201711
A003090,2017-12-01,inversion,ahorro_4,INGRESO2,140994.0,Ingreso,Ahorro,INGRESO2,201712
A003091,2017-12-01,inversion,ahorro_5,INGRESO3,-141006.0,Egreso,Ahorro,INGRESO3,201712
A003094,2017-12-01,inversion,ahorro_9,INGRESO7,-141006.0,Egreso,Ahorro,INGRESO7,201712
A003095,2017-12-01,inversion,ahorro_10,INGRESO8,140994.0,Ingreso,Ahorro,INGRESO8,201712
A003096,2017-12-01,inversion,ahorro_10,INGRESO8,70494.0,Ingreso,Ahorro,INGRESO8,201712
A003097,2017-12-01,inversion,ahorro_1,INGRESO9,-70506.0,Egreso,Ahorro,INGRESO9,201712
A003121,2017-12-08,transaccion,transaccion_10,INGRESO9,547128.99,Ingreso,Ingreso,INGRESO9,201712
A003122,2017-12-08,inversion,ahorro_6,INGRESO4,88119.0,Ingreso,Ahorro,INGRESO4,201712
A003123,2017-12-08,inversion,ahorro_7,INGRESO5,-88131.0,Egreso,Ahorro,INGRESO5,201712
A003130,2017-12-08,inversion,ahorro_1,INGRESO9,-88131.0,Egreso,Ahorro,INGRESO9,201712
A003131,2017-12-08,inversion,ahorro_2,INGRESO10,88119.0,Ingreso,Ahorro,INGRESO10,201712
A003132,2017-12-08,inversion,ahorro_2,INGRESO10,88119.0,Ingreso,Ahorro,INGRESO10,201712
A003133,2017-12-08,inversion,ahorro_3,INGRESO1,-88131.0,Egreso,Ahorro,INGRESO1,201712
A003158,2017-12-15,transaccion,transaccion_19,INGRESO9,281994.0,Ingreso,Ingreso,INGRESO9,201712
A003159,2017-12-15,inversion,ahorro_8,INGRESO6,52869.0,Ingreso,Ahorro,INGRESO6,201712
A003160,2017-12-15,inversion,ahorro_9,INGRESO7,-52881.0,Egreso,Ahorro,INGRESO7,201712
A003165,2017-12-15,inversion,ahorro_3,INGRESO1,-52881.0,Egreso,Ahorro,INGRESO1,201712
A003166,2017-12-15,inversion,ahorro_4,INGRESO2,52869.0,Ingreso,Ahorro,INGRESO2,201712
A003167,2017-12-15,inversion,ahorro_4,INGRESO2,35244.0,Ingreso,Ahorro,INGRESO2,201712
A003168,2017-12-15,inversion,ahorro_5,INGRESO3,-35256.0,Egreso,Ahorro,INGRESO3,201712
A003216,2017-12-29,transaccion,transaccion_10,INGRESO10,428711.55000000005,Ingreso,Ingreso,INGRESO10,201712
A003217,2017-12-29,inversion,ahorro_10,INGRESO8,88119.0,Ingreso,Ahorro,INGRESO8,201712
A003218,2017-12-29,inversion,ahorro_1,INGRESO9,-88131.0,Egreso,Ahorro,INGRESO9,201712
A003223,2017-12-29,inversion,ahorro_5,INGRESO3,-88131.0,Egreso,Ahorro,INGRESO3,201712
A003224,2017-12-29,inversion,ahorro_6,INGRESO4,88119.0,Ingreso,Ahorro,INGRESO4,201712
A003227,2017-12-29,inversion,ahorro_6,INGRESO4,35244.0,Ingreso,Ahorro,INGRESO4,201712
A003228,2017-12-29,inversion,ahorro_7,INGRESO5,-35256.0,Egreso,Ahorro,INGRESO5,201712
A003246,2018-01-02,actividad,actividad_19,INGRESO4,-86368.5,Egreso,Actividad Comercial,Actividad Economica,201801
A003285,2018-01-15,transaccion,transaccion_12,INGRESO1,281994.0,Ingreso,Ingreso,INGRESO1,201801
A003286,2018-01-15,inversion,ahorro_2,INGRESO10,52869.0,Ingreso,Ahorro,INGRESO10,201801
A003287,2018-01-15,inversion,ahorro_3,INGRESO1,-52881.0,Egreso,Ahorro,INGRESO1,201801
A003292,2018-01-15,inversion,ahorro_7,INGRESO5,-52881.0,Egreso,Ahorro,INGRESO5,201801
A003293,2018-01-15,inversion,ahorro_8,INGRESO6,52869.0,Ingreso,Ahorro,INGRESO6,201801
A003294,2018-01-15,inversion,ahorro_8,INGRESO6,35244.0,Ingreso,Ahorro,INGRESO6,201801
A003295,2018-01-15,inversion,ahorro_9,INGRESO7,-35256.0,Egreso,Ahorro,INGRESO7,201801
A003331,2018-01-31,transaccion,transaccion_8,INGRESO2,415521.0,Ingreso,Ingreso,INGRESO2,201801
A003332,2018-01-31,inversion,ahorro_4,INGRESO2,88119.0,Ingreso,Ahorro,INGRESO2,201801
A003333,2018-01-31,inversion,ahorro_5,INGRESO3,-88131.0,Egreso,Ahorro,INGRESO3,201801
A003340,2018-01-31,inversion,ahorro_9,INGRESO7,-88131.0,Egreso,Ahorro,INGRESO7,201801
A003341,2018-01-31,inversion,ahorro_10,INGRESO8,88119.0,Ingreso,Ahorro,INGRESO8,201801
A003342,2018-01-31,inversion,ahorro_10,INGRESO8,35244.0,Ingreso,Ahorro,INGRESO8,201801
A003343,2018-01-31,inversion,ahorro_1,INGRESO9,-35256.0,Egreso,Ahorro,INGRESO9,201801
A003367,2018-02-06,actividad,actividad_1,INGRESO4,-64997.13,Egreso,Actividad Comercial,Actividad Economica,201802
A003377,2018-02-15,transaccion,transaccion_8,INGRESO3,281994.0,Ingreso,Ingreso,INGRESO3,201802
A003378,2018-02-15,inversion,ahorro_6,INGRESO4,52869.0,Ingreso,Ahorro,INGRESO4,201802
A003379,2018-02-15,inversion,ahorro_7,INGRESO5,-52881.0,Egreso,Ahorro,INGRESO5,201802
A003384,2018-02-15,inversion,ahorro_1,INGRESO9,-52881.0,Egreso,Ahorro,INGRESO9,201802
A003385,2018-02-15,inversion,ahorro_2,INGRESO10,52869.0,Ingreso,Ahorro,INGRESO10,201802
A003386,2018-02-15,inversion,ahorro_2,INGRESO10,35244.0,Ingreso,Ahorro,INGRESO10,201802
A003387,2018-02-15,inversion,ahorro_3,INGRESO1,-35256.0,Egreso,Ahorro,INGRESO1,201802
A003425,2018-02-28,transaccion,transaccion_9,INGRESO4,422969.32499999995,Ingreso,Ingreso,INGRESO4,201802
A003426,2018-02-28,inversion,ahorro_8,INGRESO6,88119.0,Ingreso,Ahorro,INGRESO6,201802
A003427,2018-02-28,inversion,ahorro_9,INGRESO7,-88131.0,Egreso,Ahorro,INGRESO7,201802
A003432,2018-02-28,inversion,ahorro_3,INGRESO1,-88131.0,Egreso,Ahorro,INGRESO1,201802
A003433,2018-02-28,inversion,ahorro_4,INGRESO2,88119.0,Ingreso,Ahorro,INGRESO2,201802
A003434,2018-02-28,inversion,ahorro_4,INGRESO2,35244.0,Ingreso,Ahorro,INGRESO2,201802
A003435,2018-02-28,inversion,ahorro_5,INGRESO3,-35256.0,Egreso,Ahorro,INGRESO3,201802
A003479,2018-03-15,transaccion,transaccion_10,INGRESO5,281994.0,Ingreso,Ingreso,INGRESO5,201803
A003480,2018-03-15,inversion,ahorro_10,INGRESO8,52869.0,Ingreso,Ahorro,INGRESO8,201803
A003481,2018-03-15,inversion,ahorro_1,INGRESO9,-52881.0,Egreso,Ahorro,INGRESO9,201803
A003486,2018-03-15,inversion,ahorro_5,INGRESO3,-52881.0,Egreso,Ahorro,INGRESO3,201803
A003487,2018-03-15,inversion,ahorro_6,INGRESO4,52869.0,Ingreso,Ahorro,INGRESO4,201803
A003488,2018-03-15,inversion,ahorro_6,INGRESO4,35244.0,Ingreso,Ahorro,INGRESO4,201803
A003489,2018-03-15,inversion,ahorro_7,INGRESO5,-35256.0,Egreso,Ahorro,INGRESO5,201803
A003522,2018-03-28,transaccion,transaccion_11,INGRESO6,442140.39,Ingreso,Ingreso,INGRESO6,201803
A003523,2018-03-28,transaccion,transaccion_11,INGRESO6,1148862.0,Ingreso,Ingreso,INGRESO6,201803
A003526,2018-03-28,inversion,ahorro_2,INGRESO10,88119.0,Ingreso,Ahorro,INGRESO10,201803
A003527,2018-03-28,inversion,ahorro_3,INGRESO1,-88131.0,Egreso,Ahorro,INGRESO1,201803
A003536,2018-03-28,inversion,ahorro_7,INGRESO5,-105756.0,Egreso,Ahorro,INGRESO5,201803
A003537,2018-03-28,inversion,ahorro_8,INGRESO6,105744.0,Ingreso,Ahorro,INGRESO6,201803
A003574,2018-04-13,transaccion,transaccion_12,INGRESO7,281994.0,Ingreso,Ingreso,INGRESO7,201804
A003577,2018-04-13,inversion,ahorro_4,INGRESO2,88119.0,Ingreso,Ahorro,INGRESO2,201804
A003578,2018-04-13,inversion,ahorro_5,INGRESO3,-88131.0,Egreso,Ahorro,INGRESO3,201804
A003583,2018-04-13,inversion,ahorro_9,INGRESO7,-52881.0,Egreso,Ahorro,INGRESO7,201804
A003584,2018-04-13,inversion,ahorro_10,INGRESO8,52869.0,Ingreso,Ahorro,INGRESO8,201804
A003619,2018-04-30,transaccion,transaccion_13,INGRESO8,439364.805,Ingreso,Ingreso,INGRESO8,201804
A003620,2018-04-30,inversion,ahorro_6,INGRESO4,119844.0,Ingreso,Ahorro,INGRESO4,201804
A003621,2018-04-30,inversion,ahorro_7,INGRESO5,-119856.0,Egreso,Ahorro,INGRESO5,201804
A003626,2018-04-30,inversion,ahorro_1,INGRESO9,-88131.0,Egreso,Ahorro,INGRESO9,201804
A003627,2018-04-30,inversion,ahorro_2,INGRESO10,88119.0,Ingreso,Ahorro,INGRESO10,201804
A003700,2018-05-11,transaccion,transaccion_5,INGRESO3,11380017.285,Ingreso,Ingreso,INGRESO3,201805
A003705,2018-05-15,transaccion,transaccion_14,INGRESO9,281994.0,Ingreso,Ingreso,INGRESO9,201805
A003706,2018-05-15,inversion,ahorro_8,INGRESO6,49344.0,Ingreso,Ahorro,INGRESO6,201805
A003707,2018-05-15,inversion,ahorro_9,INGRESO7,-49356.0,Egreso,Ahorro,INGRESO7,201805
A003790,2018-05-31,transaccion,transaccion_15,INGRESO10,1127518.125,Ingreso,Ingreso,INGRESO10,201805
A003791,2018-06-01,inversion,ahorro_10,INGRESO8,140994.0,Ingreso,Ahorro,INGRESO8,201806
A003792,2018-06-01,inversion,ahorro_1,INGRESO9,-141006.0,Egreso,Ahorro,INGRESO9,201806
A003855,2018-06-15,transaccion,transaccion_16,INGRESO1,366594.0,Ingreso,Ingreso,INGRESO1,201806
A003862,2018-06-15,inversion,ahorro_8,INGRESO6,21144.0,Ingreso,Ahorro,INGRESO6,201806
A003863,2018-06-15,inversion,ahorro_9,INGRESO7,-21156.0,Egreso,Ahorro,INGRESO7,201806
A003873,2018-06-18,actividad,actividad_3,INGRESO8,-52881.0,Egreso,Actividad Comercial,Actividad Economica,201806
A003933,2018-06-29,transaccion,transaccion_17,INGRESO2,628435.23,Ingreso,Ingreso,INGRESO2,201806
A003981,2018-07-11,actividad,actividad_6,INGRESO3,-101446.33499999999,Egreso,Actividad Comercial,Actividad Economica,201807
A003982,2018-07-12,transaccion,transaccion_18,INGRESO3,366594.0,Ingreso,Ingreso,INGRESO3,201807
A004044,2018-07-31,transaccion,transaccion_19,INGRESO4,572324.985,Ingreso,Ingreso,INGRESO4,201807
A004051,2018-07-31,inversion,ahorro_10,INGRESO8,14094.0,Ingreso,Ahorro,INGRESO8,201807
A004052,2018-07-31,inversion,ahorro_1,INGRESO9,-14106.0,Egreso,Ahorro,INGRESO9,201807
A004080,2018-08-13,actividad,actividad_7,INGRESO10,24669.0,Ingreso,Actividad Comercial,Actividad Economica,201808
A004081,2018-08-13,actividad,actividad_20,INGRESO2,119491.5,Ingreso,Actividad Comercial,Actividad Economica,201808
A004082,2018-08-13,actividad,"1.actividad_17",INGRESO1,16279.5,Ingreso,Actividad Comercial,Actividad Economica,201808
A004083,2018-08-13,actividad,actividad_17,INGRESO4,236169.0,Ingreso,Actividad Comercial,Actividad Economica,201808
A004084,2018-08-13,actividad,actividad_3,INGRESO6,27594.75,Ingreso,Actividad Comercial,Actividad Economica,201808
A004091,2018-08-15,transaccion,transaccion_20,INGRESO5,366594.0,Ingreso,Ingreso,INGRESO5,201808
A004101,2018-08-15,inversion,ahorro_2,INGRESO10,7044.0,Ingreso,Ahorro,INGRESO10,201808
A004102,2018-08-15,inversion,ahorro_3,INGRESO1,-7056.0,Egreso,Ahorro,INGRESO1,201808
A004136,2018-08-31,transaccion,transaccion_1,INGRESO6,564131.475,Ingreso,Ingreso,INGRESO6,201808
A004143,2018-08-31,inversion,ahorro_4,INGRESO2,14094.0,Ingreso,Ahorro,INGRESO2,201808
A004144,2018-08-31,inversion,ahorro_5,INGRESO3,-14106.0,Egreso,Ahorro,INGRESO3,201808
A004189,2018-09-14,transaccion,transaccion_2,INGRESO7,366594.705,Ingreso,Ingreso,INGRESO7,201809
A004227,2018-09-21,actividad,"8.actividad_20",INGRESO3,7044.0,Ingreso,Actividad Comercial,Actividad Economica,201809
A004236,2018-09-24,actividad,actividad_18,INGRESO1,119844.0,Ingreso,Actividad Comercial,Actividad Economica,201809
A004237,2018-09-24,actividad,actividad_19,INGRESO6,10569.0,Ingreso,Actividad Comercial,Actividad Economica,201809
A004238,2018-09-24,actividad,actividad_6,INGRESO2,36795.0,Ingreso,Actividad Comercial,Actividad Economica,201809
A004240,2018-09-28,transaccion,transaccion_3,INGRESO8,570312.915,Ingreso,Ingreso,INGRESO8,201809
A004271,2018-10-12,actividad,actividad_1,INGRESO10,68668.05,Ingreso,Actividad Comercial,Actividad Economica,201810
A004272,2018-10-12,actividad,actividad_14,INGRESO1,65277.0,Ingreso,Actividad Comercial,Actividad Economica,201810
A004283,2018-10-15,transaccion,transaccion_4,INGRESO9,366594.0,Ingreso,Ingreso,INGRESO9,201810
A004292,2018-10-15,inversion,ahorro_6,INGRESO4,7044.0,Ingreso,Ahorro,INGRESO4,201810
A004293,2018-10-15,inversion,ahorro_7,INGRESO5,-7056.0,Egreso,Ahorro,INGRESO5,201810
A004335,2018-10-30,actividad,actividad_18,INGRESO5,56394.0,Ingreso,Actividad Comercial,Actividad Economica,201810
A004336,2018-10-31,transaccion,transaccion_5,INGRESO10,567833.43,Ingreso,Ingreso,INGRESO10,201810
A004343,2018-10-31,inversion,ahorro_8,INGRESO6,14094.0,Ingreso,Ahorro,INGRESO6,201810
A004344,2018-10-31,inversion,ahorro_9,INGRESO7,-14106.0,Egreso,Ahorro,INGRESO7,201810
A004384,2018-11-15,transaccion,transaccion_6,INGRESO1,366594.0,Ingreso,Ingreso,INGRESO1,201811
A004387,2018-11-15,inversion,ahorro_10,INGRESO8,7044.0,Ingreso,Ahorro,INGRESO8,201811
A004388,2018-11-15,inversion,ahorro_1,INGRESO9,-7056.0,Egreso,Ahorro,INGRESO9,201811
A004415,2018-11-23,actividad,actividad_13,INGRESO10,-83830.5,Egreso,Actividad Comercial,Actividad Economica,201811
A004425,2018-11-26,actividad,actividad_14,INGRESO2,83325.0,Ingreso,Actividad Comercial,Actividad Economica,201811
A004427,2018-11-30,transaccion,transaccion_7,INGRESO2,570155.7,Ingreso,Ingreso,INGRESO2,201811
A004460,2018-12-07,transaccion,transaccion_13,INGRESO10,815497.8150000001,Ingreso,Ingreso,INGRESO10,201812
A004465,2018-12-07,inversion,ahorro_2,INGRESO10,21144.0,Ingreso,Ahorro,INGRESO10,201812
A004466,2018-12-07,inversion,ahorro_3,INGRESO1,-21156.0,Egreso,Ahorro,INGRESO1,201812
A004482,2018-12-14,transaccion,transaccion_8,INGRESO3,366600.34500000003,Ingreso,Ingreso,INGRESO3,201812
A004489,2018-12-14,inversion,ahorro_4,INGRESO2,7044.0,Ingreso,Ahorro,INGRESO2,201812
A004490,2018-12-14,inversion,ahorro_5,INGRESO3,-7056.0,Egreso,Ahorro,INGRESO3,201812
A004569,2018-12-31,transaccion,transaccion_9,INGRESO4,569101.725,Ingreso,Ingreso,INGRESO4,201812
A004576,2018-12-31,inversion,ahorro_6,INGRESO4,21144.0,Ingreso,Ahorro,INGRESO4,201812
A004577,2018-12-31,inversion,ahorro_7,INGRESO5,-21156.0,Egreso,Ahorro,INGRESO5,201812
A004612,2019-01-15,transaccion,transaccion_10,INGRESO5,366594.0,Ingreso,Ingreso,INGRESO5,201901
A004622,2019-01-16,actividad,"1.actividad_9",INGRESO2,76275.0,Ingreso,Actividad Comercial,Actividad Economica,201901
A004636,2019-01-23,actividad,actividad: nombre_8,INGRESO8,-70506.0,Egreso,Actividad Comercial,Actividad Economica,201901
A004637,2019-01-29,actividad,actividad_2,INGRESO5,460359.0,Ingreso,Actividad Comercial,Actividad Economica,201901
A004642,2019-01-31,transaccion,transaccion_11,INGRESO6,582598.95,Ingreso,Ingreso,INGRESO6,201901
A004656,2019-02-01,inversion,ahorro_8,INGRESO6,-116331.0,Egreso,Ahorro,INGRESO6,201902
A004657,2019-02-01,inversion,ahorro_9,INGRESO7,116319.0,Ingreso,Ahorro,INGRESO7,201902
A004698,2019-02-15,transaccion,transaccion_12,INGRESO7,366594.0,Ingreso,Ingreso,INGRESO7,201902
A004728,2019-02-28,transaccion,transaccion_13,INGRESO8,604518.8099999999,Ingreso,Ingreso,INGRESO8,201902
A004737,2019-02-28,inversion,ahorro_10,INGRESO8,14094.0,Ingreso,Ahorro,INGRESO8,201902
A004738,2019-02-28,inversion,ahorro_1,INGRESO9,-14106.0,Egreso,Ahorro,INGRESO9,201902
A004759,2019-03-04,actividad,actividad_15,INGRESO10,42294.0,Ingreso,Actividad Comercial,Actividad Economica,201903
A004780,2019-03-15,transaccion,transaccion_14,INGRESO9,366594.0,Ingreso,Ingreso,INGRESO9,201903
A004787,2019-03-15,inversion,ahorro_2,INGRESO10,7044.0,Ingreso,Ahorro,INGRESO10,201903
A004788,2019-03-15,inversion,ahorro_3,INGRESO1,-7056.0,Egreso,Ahorro,INGRESO1,201903
A004792,2019-03-15,inversion,divisa_2,INGRESO10,305851.19999999995,Ingreso,Trabajo,INGRESO10,201903
A004793,2019-03-15,inversion,divisa_1,INGRESO5,342765.0,Ingreso,Trabajo,INGRESO5,201903
A004843,2019-03-18,actividad,actividad_18,INGRESO5,-711.0,Egreso,Actividad Comercial,Actividad Economica,201903
A004846,2019-03-20,actividad,actividad_15,INGRESO10,12261.0,Ingreso,Actividad Comercial,Actividad Economica,201903
A004926,2019-03-29,transaccion,transaccion_15,INGRESO10,569366.805,Ingreso,Ingreso,INGRESO10,201903
A004998,2019-04-15,transaccion,transaccion_16,INGRESO1,366594.0,Ingreso,Ingreso,INGRESO1,201904
A005070,2019-04-30,transaccion,transaccion_17,INGRESO2,570411.615,Ingreso,Ingreso,INGRESO2,201904
A005112,2019-05-08,transaccion,transaccion_6,INGRESO4,18777368.669999998,Ingreso,Ingreso,INGRESO4,201905
A005113,2019-05-08,transaccion,transaccion_12,INGRESO7,1518141.0,Ingreso,Ingreso,INGRESO7,201905
A005123,2019-05-08,inversion,ahorro_4,INGRESO2,162144.0,Ingreso,Ahorro,INGRESO2,201905
A005124,2019-05-08,inversion,ahorro_5,INGRESO3,-162156.0,Egreso,Ahorro,INGRESO3,201905
A005138,2019-05-09,actividad,actividad_1,INGRESO4,-352506.0,Egreso,Actividad Comercial,Actividad Economica,201905
A005170,2019-05-15,transaccion,transaccion_18,INGRESO3,366594.0,Ingreso,Ingreso,INGRESO3,201905
A005173,2019-05-15,inversion,ahorro_6,INGRESO4,7044.0,Ingreso,Ahorro,INGRESO4,201905
A005174,2019-05-15,inversion,ahorro_7,INGRESO5,-7056.0,Egreso,Ahorro,INGRESO5,201905
A005180,2019-05-18,actividad,actividad_14,INGRESO1,105744.0,Ingreso,Actividad Comercial,Actividad Economica,201905
A005216,2019-05-31,transaccion,transaccion_19,INGRESO4,835165.905,Ingreso,Ingreso,INGRESO4,201905
A005221,2019-05-31,inversion,ahorro_8,INGRESO6,14094.0,Ingreso,Ahorro,INGRESO6,201905
A005222,2019-05-31,inversion,ahorro_9,INGRESO7,-14106.0,Egreso,Ahorro,INGRESO7,201905
A005280,2019-06-11,inversion,ahorro_10,INGRESO8,-14106.0,Egreso,Ahorro,INGRESO8,201906
A005281,2019-06-11,inversion,ahorro_1,INGRESO9,14094.0,Ingreso,Ahorro,INGRESO9,201906
A005303,2019-06-14,transaccion,transaccion_20,INGRESO5,366594.0,Ingreso,Ingreso,INGRESO5,201906
A005386,2019-06-28,transaccion,transaccion_1,INGRESO6,570411.615,Ingreso,Ingreso,INGRESO6,201906
A005389,2019-06-28,inversion,ahorro_2,INGRESO10,14094.0,Ingreso,Ahorro,INGRESO10,201906
A005390,2019-06-28,inversion,ahorro_3,INGRESO1,-14106.0,Egreso,Ahorro,INGRESO1,201906
A005453,2019-07-15,transaccion,transaccion_2,INGRESO7,366594.0,Ingreso,Ingreso,INGRESO7,201907
A005479,2019-07-22,actividad,actividad_20,INGRESO5,114415.5,Ingreso,Actividad Comercial,Actividad Economica,201907
A005502,2019-07-31,transaccion,transaccion_3,INGRESO8,377835.93,Ingreso,Ingreso,INGRESO8,201907
A005577,2019-08-15,transaccion,transaccion_4,INGRESO9,366594.0,Ingreso,Ingreso,INGRESO9,201908
A005614,2019-08-30,transaccion,transaccion_5,INGRESO10,569366.805,Ingreso,Ingreso,INGRESO10,201908
A005666,2019-09-13,transaccion,transaccion_6,INGRESO1,366594.0,Ingreso,Ingreso,INGRESO1,201909
A005729,2019-09-23,transaccion,transaccion_4,INGRESO6,48314.7,Ingreso,Ingreso,INGRESO6,201909
A005730,2019-09-23,transaccion,transaccion_5,INGRESO7,120795.75,Ingreso,Ingreso,INGRESO7,201909
A005784,2019-09-30,transaccion,transaccion_7,INGRESO2,593171.13,Ingreso,Ingreso,INGRESO2,201909
A005841,2019-10-04,transaccion,monedero,INGRESO9,49344.0,Ingreso,Ingreso,INGRESO9,201910
A005911,2019-10-15,transaccion,transaccion_8,INGRESO3,366594.0,Ingreso,Ingreso,INGRESO3,201910
A006002,2019-10-31,transaccion,transaccion_9,INGRESO4,567485.16,Ingreso,Ingreso,INGRESO4,201910
A006060,2019-11-15,transaccion,transaccion_10,INGRESO5,366594.0,Ingreso,Ingreso,INGRESO5,201911
A006120,2019-11-29,transaccion,transaccion_11,INGRESO6,570353.805,Ingreso,Ingreso,INGRESO6,201911
A006144,2019-12-02,inversion,inversion: nombre_2,INGRESO6,352494.0,Ingreso,Trabajo,INGRESO6,201912
A006149,2019-12-03,inversion,divisa_1,INGRESO7,-402138.0,Egreso,Trabajo,INGRESO7,201912
A006150,2019-12-03,inversion,inversion: nombre_3,INGRESO7,-352506.0,Egreso,Trabajo,INGRESO7,201912
A006164,2019-12-06,transaccion,transaccion_14,INGRESO1,795908.6849999999,Ingreso,Ingreso,INGRESO1,201912
A006196,2019-12-13,transaccion,transaccion_12,INGRESO7,366594.0,Ingreso,Ingreso,INGRESO7,201912
A006264,2019-12-26,inversion,divisa_2,INGRESO6,470511.0,Ingreso,Trabajo,INGRESO6,201912
A006265,2019-12-26,inversion,inversion: nombre_19,INGRESO8,82056.0,Ingreso,Trabajo,INGRESO8,201912
A006303,2019-12-31,transaccion,transaccion_13,INGRESO8,569306.175,Ingreso,Ingreso,INGRESO8,201912
A006345,2020-01-15,transaccion,transaccion_14,INGRESO9,366594.0,Ingreso,Ingreso,INGRESO9,202001
A006368,2020-01-23,actividad,actividad_15,INGRESO2,-83830.5,Egreso,Actividad Comercial,Actividad Economica,202001
A006380,2020-01-31,transaccion,transaccion_15,INGRESO10,638272.095,Ingreso,Ingreso,INGRESO10,202001
A006418,2020-02-14,transaccion,transaccion_16,INGRESO1,366594.0,Ingreso,Ingreso,INGRESO1,202002
A006426,2020-02-16,actividad,actividad_16,INGRESO3,-711.0,Egreso,Actividad Comercial,Actividad Economica,202002
A006467,2020-02-28,transaccion,transaccion_17,INGRESO2,572764.2,Ingreso,Ingreso,INGRESO2,202002
A006512,2020-03-13,actividad,actividad_3,INGRESO6,-366606.0,Egreso,Actividad Comercial,Actividad Economica,202003
A006519,2020-03-13,transaccion,transaccion_18,INGRESO3,366594.0,Ingreso,Ingreso,INGRESO3,202003
A006563,2020-03-26,transaccion,monedero,INGRESO10,63444.0,Ingreso,Ingreso,INGRESO10,202003
A006573,2020-03-31,transaccion,transaccion_19,INGRESO4,571201.215,Ingreso,Ingreso,INGRESO4,202003
A006597,2020-04-14,transaccion,transaccion_13,INGRESO8,2391283.5,Ingreso,Ingreso,INGRESO8,202004
A006598,2020-04-15,transaccion,transaccion_20,INGRESO5,366594.0,Ingreso,Ingreso,INGRESO5,202004
A006651,2020-04-30,transaccion,transaccion_1,INGRESO6,572282.6849999999,Ingreso,Ingreso,INGRESO6,202004
A006682,2020-05-08,transaccion,transaccion_7,INGRESO5,17336246.445,Ingreso,Ingreso,INGRESO5,202005
A006714,2020-05-15,transaccion,transaccion_2,INGRESO7,366594.0,Ingreso,Ingreso,INGRESO7,202005
A006761,2020-05-29,transaccion,transaccion_3,INGRESO8,858792.5700000001,Ingreso,Ingreso,INGRESO8,202005
A006809,2020-06-15,transaccion,transaccion_4,INGRESO9,366594.0,Ingreso,Ingreso,INGRESO9,202006
A006844,2020-06-30,transaccion,transaccion_5,INGRESO10,572100.09,Ingreso,Ingreso,INGRESO10,202006
A006861,2020-07-10,transaccion,monedero,INGRESO1,77544.0,Ingreso,Ingreso,INGRESO1,202007
A006881,2020-07-15,transaccion,transaccion_6,INGRESO1,366594.0,Ingreso,Ingreso,INGRESO1,202007
A006963,2020-07-31,transaccion,transaccion_7,INGRESO2,574054.35,Ingreso,Ingreso,INGRESO2,202007
A007006,2020-08-04,actividad,actividad_12,INGRESO10,108916.5,Ingreso,Actividad Comercial,Actividad Economica,202008
A007031,2020-08-14,transaccion,transaccion_8,INGRESO3,366594.0,Ingreso,Ingreso,INGRESO3,202008
A007077,2020-08-25,actividad,actividad_8,INGRESO6,-70506.0,Egreso,Actividad Comercial,Actividad Economica,202008
A007082,2020-08-28,actividad,actividad_3,INGRESO1,-66981.0,Egreso,Actividad Comercial,Actividad Economica,202008
A007105,2020-08-31,transaccion,transaccion_9,INGRESO4,574054.35,Ingreso,Ingreso,INGRESO4,202008
A007184,2020-09-15,transaccion,transaccion_10,INGRESO5,366594.0,Ingreso,Ingreso,INGRESO5,202009
A007278,2020-09-29,actividad,actividad_4,INGRESO9,89458.5,Ingreso,Actividad Comercial,Actividad Economica,202009
A007281,2020-09-30,transaccion,transaccion_11,INGRESO6,579098.625,Ingreso,Ingreso,INGRESO6,202009
A007335,2020-10-15,transaccion,transaccion_12,INGRESO7,366594.0,Ingreso,Ingreso,INGRESO7,202010
A007365,2020-10-29,actividad,actividad_8,INGRESO3,137116.5,Ingreso,Actividad Comercial,Actividad Economica,202010
A007366,2020-10-29,actividad,actividad_17,INGRESO4,165669.0,Ingreso,Actividad Comercial,Actividad Economica,202010
A007367,2020-10-30,transaccion,transaccion_13,INGRESO8,1077881.19,Ingreso,Ingreso,INGRESO8,202010
A007413,2020-11-13,transaccion,transaccion_14,INGRESO9,387744.0,Ingreso,Ingreso,INGRESO9,202011
A007477,2020-11-30,transaccion,transaccion_15,INGRESO10,594000.9149999999,Ingreso,Ingreso,INGRESO10,202011
A007487,2020-12-04,transaccion,transaccion_15,INGRESO2,865089.63,Ingreso,Ingreso,INGRESO2,202012
A007531,2020-12-15,transaccion,transaccion_16,INGRESO1,387744.0,Ingreso,Ingreso,INGRESO1,202012
A007590,2020-12-31,transaccion,transaccion_17,INGRESO2,595628.76,Ingreso,Ingreso,INGRESO2,202012
A007638,2021-01-15,transaccion,transaccion_18,INGRESO3,387744.705,Ingreso,Ingreso,INGRESO3,202101
A007663,2021-01-21,actividad,actividad_10,INGRESO2,-2826.0,Egreso,Actividad Comercial,Actividad Economica,202101
A007664,2021-01-21,actividad,actividad_14,INGRESO3,-3530.295,Egreso,Actividad Comercial,Actividad Economica,202101
A007688,2021-01-29,transaccion,transaccion_19,INGRESO4,607501.6649999999,Ingreso,Ingreso,INGRESO4,202101
A007719,2021-02-03,actividad,actividad_2,INGRESO5,387744.0,Ingreso,Actividad Comercial,Actividad Economica,202102
A007720,2021-02-03,actividad,actividad_4,INGRESO7,387744.0,Ingreso,Actividad Comercial,Actividad Economica,202102
A007748,2021-02-15,transaccion,transaccion_20,INGRESO5,387744.0,Ingreso,Ingreso,INGRESO5,202102
A007781,2021-02-26,transaccion,transaccion_1,INGRESO6,611067.5549999999,Ingreso,Ingreso,INGRESO6,202102
A007850,2021-03-12,transaccion,transaccion_2,INGRESO7,387744.0,Ingreso,Ingreso,INGRESO7,202103
A007924,2021-03-31,transaccion,transaccion_3,INGRESO8,609243.015,Ingreso,Ingreso,INGRESO8,202103
A007968,2021-04-13,transaccion,transaccion_14,INGRESO9,2571340.5,Ingreso,Ingreso,INGRESO9,202104
A007980,2021-04-15,transaccion,transaccion_4,INGRESO9,387744.0,Ingreso,Ingreso,INGRESO9,202104
A008048,2021-04-30,transaccion,transaccion_5,INGRESO10,610354.8,Ingreso,Ingreso,INGRESO10,202104
A008066,2021-05-07,transaccion,transaccion_8,INGRESO6,8326028.49,Ingreso,Ingreso,INGRESO6,202105
A008112,2021-05-11,inversion,ahorro_4,INGRESO2,-38781.0,Egreso,Ahorro,INGRESO2,202105
A008115,2021-05-14,inversion,ahorro_5,INGRESO3,-3531.0,Egreso,Ahorro,INGRESO3,202105
A008120,2021-05-14,transaccion,transaccion_6,INGRESO1,387744.0,Ingreso,Ingreso,INGRESO1,202105
A008175,2021-05-28,transaccion,transaccion_7,INGRESO2,934374.2100000001,Ingreso,Ingreso,INGRESO2,202105
A008207,2021-05-30,inversion,ahorro_6,INGRESO4,35244.0,Ingreso,Ahorro,INGRESO4,202105
A008243,2021-06-03,transaccion,monedero,INGRESO2,289044.0,Ingreso,Ingreso,INGRESO2,202106
A008281,2021-06-15,transaccion,transaccion_8,INGRESO3,387744.0,Ingreso,Ingreso,INGRESO3,202106
A008328,2021-06-30,transaccion,transaccion_9,INGRESO4,610354.8,Ingreso,Ingreso,INGRESO4,202106
A008395,2021-07-15,transaccion,transaccion_10,INGRESO5,387744.0,Ingreso,Ingreso,INGRESO5,202107
A008410,2021-07-20,actividad,actividad_9,INGRESO6,-93348.0,Egreso,Actividad Comercial,Actividad Economica,202107
A008433,2021-07-30,transaccion,transaccion_11,INGRESO6,609243.015,Ingreso,Ingreso,INGRESO6,202107
A008473,2021-08-13,transaccion,transaccion_12,INGRESO7,387744.0,Ingreso,Ingreso,INGRESO7,202108
A008515,2021-08-25,actividad,actividad_8,INGRESO5,97425.0,Ingreso,Actividad Comercial,Actividad Economica,202108
A008525,2021-08-31,transaccion,transaccion_13,INGRESO8,609243.015,Ingreso,Ingreso,INGRESO8,202108
A008574,2021-09-15,transaccion,transaccion_14,INGRESO9,387744.0,Ingreso,Ingreso,INGRESO9,202109
A008613,2021-09-30,transaccion,transaccion_15,INGRESO10,610354.8,Ingreso,Ingreso,INGRESO10,202109
A008683,2021-10-15,transaccion,transaccion_16,INGRESO1,387744.0,Ingreso,Ingreso,INGRESO1,202110
A008743,2021-10-29,transaccion,transaccion_17,INGRESO2,609243.015,Ingreso,Ingreso,INGRESO2,202110
A008793,2021-11-12,transaccion,transaccion_18,INGRESO3,387744.0,Ingreso,Ingreso,INGRESO3,202111
A008847,2021-11-25,inversion,ahorro_7,INGRESO5,-7056.0,Egreso,Ahorro,INGRESO5,202111
A008848,2021-11-25,inversion,ahorro_9,INGRESO7,-21156.0,Egreso,Ahorro,INGRESO7,202111
A008882,2021-11-30,inversion,ahorro_8,INGRESO6,-7056.0,Egreso,Ahorro,INGRESO6,202111
A008885,2021-11-30,transaccion,transaccion_19,INGRESO4,610354.8,Ingreso,Ingreso,INGRESO4,202111
A008888,2021-11-30,inversion,ahorro_1,INGRESO9,-1410006.0,Egreso,Ahorro,INGRESO9,202111
A008889,2021-11-30,inversion,ahorro_4,INGRESO2,-3525006.0,Egreso,Ahorro,INGRESO2,202111
A008898,2021-12-01,inversion,ahorro_2,INGRESO10,211494.0,Ingreso,Ahorro,INGRESO10,202112
A008912,2021-12-02,inversion,ahorro_3,INGRESO1,493494.0,Ingreso,Ahorro,INGRESO1,202112
A008913,2021-12-03,transaccion,transaccion_16,INGRESO3,866327.61,Ingreso,Ingreso,INGRESO3,202112
A008923,2021-12-04,inversion,ahorro_4,INGRESO2,704994.0,Ingreso,Ahorro,INGRESO2,202112
A008949,2021-12-07,inversion,ahorro_9,INGRESO7,-7056.0,Egreso,Ahorro,INGRESO7,202112
A008959,2021-12-14,inversion,ahorro_5,INGRESO3,1409994.0,Ingreso,Ahorro,INGRESO3,202112
A008960,2021-12-14,inversion,ahorro_5,INGRESO3,-1410006.0,Egreso,Ahorro,INGRESO3,202112
A008961,2021-12-15,transaccion,transaccion_20,INGRESO5,387744.0,Ingreso,Ingreso,INGRESO5,202112
A008962,2021-12-15,inversion,ahorro_10,INGRESO8,-7056.0,Egreso,Ahorro,INGRESO8,202112
A008980,2021-12-18,inversion,ahorro_6,INGRESO4,140994.0,Ingreso,Ahorro,INGRESO4,202112
A008992,2021-12-20,inversion,ahorro_7,INGRESO5,70494.0,Ingreso,Ahorro,INGRESO5,202112
A008993,2021-12-21,inversion,ahorro_1,INGRESO9,-7056.0,Egreso,Ahorro,INGRESO9,202112
A008994,2021-12-21,inversion,ahorro_8,INGRESO6,70494.0,Ingreso,Ahorro,INGRESO6,202112
A009020,2021-12-25,inversion,ahorro_9,INGRESO7,211494.0,Ingreso,Ahorro,INGRESO7,202112
A009032,2021-12-28,inversion,ahorro_2,INGRESO10,-7056.0,Egreso,Ahorro,INGRESO10,202112
A009039,2021-12-31,transaccion,transaccion_1,INGRESO6,609243.015,Ingreso,Ingreso,INGRESO6,202112
A009041,2021-12-31,inversion,ahorro_10,INGRESO8,105744.0,Ingreso,Ahorro,INGRESO8,202112
A009063,2022-01-05,inversion,ahorro_3,INGRESO1,-7056.0,Egreso,Ahorro,INGRESO1,202201
A009065,2022-01-07,inversion,ahorro_1,INGRESO9,105744.0,Ingreso,Ahorro,INGRESO9,202201
A009079,2022-01-11,inversion,ahorro_4,INGRESO2,-7056.0,Egreso,Ahorro,INGRESO2,202201
A009082,2022-01-14,transaccion,transaccion_2,INGRESO7,387744.0,Ingreso,Ingreso,INGRESO7,202201
A009084,2022-01-14,inversion,ahorro_2,INGRESO10,105744.0,Ingreso,Ahorro,INGRESO10,202201
A009086,2022-01-17,inversion,ahorro_3,INGRESO1,211494.0,Ingreso,Ahorro,INGRESO1,202201
A009089,2022-01-18,inversion,ahorro_5,INGRESO3,-7056.0,Egreso,Ahorro,INGRESO3,202201
A009110,2022-01-24,inversion,ahorro_4,INGRESO2,105744.0,Ingreso,Ahorro,INGRESO2,202201
A009126,2022-01-31,transaccion,transaccion_3,INGRESO8,598196.37,Ingreso,Ingreso,INGRESO8,202201
A009137,2022-02-05,inversion,ahorro_5,INGRESO3,140994.0,Ingreso,Ahorro,INGRESO3,202202
A009154,2022-02-10,inversion,ahorro_6,INGRESO4,704994.0,Ingreso,Ahorro,INGRESO4,202202
A009155,2022-02-10,inversion,ahorro_6,INGRESO4,-564006.0,Egreso,Ahorro,INGRESO4,202202
A009180,2022-02-14,inversion,ahorro_7,INGRESO5,105744.0,Ingreso,Ahorro,INGRESO5,202202
A009184,2022-02-15,transaccion,transaccion_4,INGRESO9,387744.0,Ingreso,Ingreso,INGRESO9,202202
A009197,2022-02-23,inversion,ahorro_8,INGRESO6,599244.0,Ingreso,Ahorro,INGRESO6,202202
A009199,2022-02-24,inversion,ahorro_7,INGRESO5,704994.0,Ingreso,Ahorro,INGRESO5,202202
A009200,2022-02-24,inversion,ahorro_9,INGRESO7,-705006.0,Egreso,Ahorro,INGRESO7,202202
A009215,2022-02-26,inversion,ahorro_10,INGRESO8,70494.0,Ingreso,Ahorro,INGRESO8,202202
A009222,2022-02-28,transaccion,transaccion_5,INGRESO10,611284.6950000001,Ingreso,Ingreso,INGRESO10,202202
A009242,2022-03-06,inversion,ahorro_1,INGRESO9,70494.0,Ingreso,Ahorro,INGRESO9,202203
A009244,2022-03-09,inversion,ahorro_2,INGRESO10,140994.0,Ingreso,Ahorro,INGRESO10,202203
A009250,2022-03-10,inversion,ahorro_3,INGRESO1,105744.0,Ingreso,Ahorro,INGRESO1,202203
A009253,2022-03-12,inversion,ahorro_4,INGRESO2,70494.0,Ingreso,Ahorro,INGRESO2,202203
A009267,2022-03-15,transaccion,transaccion_6,INGRESO1,387744.0,Ingreso,Ingreso,INGRESO1,202203
A009270,2022-03-16,inversion,ahorro_5,INGRESO3,70494.0,Ingreso,Ahorro,INGRESO3,202203
A009294,2022-03-21,inversion,ahorro_6,INGRESO4,70494.0,Ingreso,Ahorro,INGRESO4,202203
A009306,2022-03-29,inversion,ahorro_7,INGRESO5,105744.0,Ingreso,Ahorro,INGRESO5,202203
A009320,2022-03-31,transaccion,transaccion_7,INGRESO2,609415.74,Ingreso,Ingreso,INGRESO2,202203
A009321,2022-03-31,inversion,ahorro_8,INGRESO6,704994.0,Ingreso,Ahorro,INGRESO6,202203
A009322,2022-03-31,inversion,ahorro_8,INGRESO6,-705006.0,Egreso,Ahorro,INGRESO6,202203
A009340,2022-04-03,inversion,ahorro_9,INGRESO7,70494.0,Ingreso,Ahorro,INGRESO7,202204
A009355,2022-04-09,inversion,ahorro_10,INGRESO8,211494.0,Ingreso,Ahorro,INGRESO8,202204
A009366,2022-04-11,actividad,actividad_7,INGRESO4,165246.0,Ingreso,Actividad Comercial,Actividad Economica,202204
A009376,2022-04-13,transaccion,transaccion_8,INGRESO3,387744.705,Ingreso,Ingreso,INGRESO3,202204
A009379,2022-04-16,inversion,ahorro_1,INGRESO9,176244.0,Ingreso,Ahorro,INGRESO9,202204
A009404,2022-04-21,transaccion,transaccion_15,INGRESO10,1303186.5,Ingreso,Ingreso,INGRESO10,202204
A009414,2022-04-29,transaccion,transaccion_9,INGRESO4,830841.4349999999,Ingreso,Ingreso,INGRESO4,202204
A009417,2022-04-30,inversion,ahorro_2,INGRESO10,105744.0,Ingreso,Ahorro,INGRESO10,202204
A009427,2022-05-04,inversion,ahorro_3,INGRESO1,140994.0,Ingreso,Ahorro,INGRESO1,202205
A009438,2022-05-06,transaccion,transaccion_9,INGRESO7,14895735.254999999,Ingreso,Ingreso,INGRESO7,202205
A009449,2022-05-13,transaccion,transaccion_10,INGRESO5,422994.0,Ingreso,Ingreso,INGRESO5,202205
A009569,2022-05-31,transaccion,transaccion_11,INGRESO6,980158.3200000001,Ingreso,Ingreso,INGRESO6,202205
A009589,2022-06-08,actividad,actividad_12,INGRESO7,58961.61,Ingreso,Actividad Comercial,Actividad Economica,202206
A009619,2022-06-14,actividad,actividad_4,INGRESO9,4793994.0,Ingreso,Actividad Comercial,Actividad Economica,202206
A009624,2022-06-15,transaccion,transaccion_12,INGRESO7,422994.0,Ingreso,Ingreso,INGRESO7,202206
A009646,2022-06-22,transaccion,monedero,INGRESO3,119844.0,Ingreso,Ingreso,INGRESO3,202206
A009657,2022-06-24,transaccion,transaccion_10,INGRESO8,6377590.38,Ingreso,Ingreso,INGRESO8,202206
A009694,2022-06-30,transaccion,transaccion_13,INGRESO8,622745.175,Ingreso,Ingreso,INGRESO8,202206
A009750,2022-07-15,transaccion,transaccion_17,INGRESO8,1745375.895,Ingreso,Ingreso,INGRESO8,202207
A009754,2022-07-17,actividad,actividad_15,INGRESO9,70494.0,Ingreso,Actividad Comercial,Actividad Economica,202207
A009755,2022-07-17,actividad,actividad_16,INGRESO10,70494.0,Ingreso,Actividad Comercial,Actividad Economica,202207
A010350,2022-09-08,transaccion,monedero,INGRESO4,42294.0,Ingreso,Ingreso,INGRESO4,202209
A010463,2022-09-24,actividad,actividad_17,INGRESO4,91644.0,Ingreso,Actividad Comercial,Actividad Economica,202209
A010872,2022-11-23,inversion,ahorro_2,INGRESO3,-433996.94999999995,Egreso,Ahorro,INGRESO3,202211
A010912,2022-11-28,inversion,ahorro_10,INGRESO7,151992.0,Ingreso,Ahorro,INGRESO7,202211
A010966,2022-12-09,inversion,ahorro_3,INGRESO4,-437237.13,Egreso,Ahorro,INGRESO4,202212
A010975,2022-12-13,inversion,ahorro_1,INGRESO8,514644.0,Ingreso,Ahorro,INGRESO8,202212
A011050,2022-12-28,inversion,ahorro_4,INGRESO5,-175818.90000000002,Egreso,Ahorro,INGRESO5,202212
A011094,2023-01-08,inversion,ahorro_5,INGRESO6,-16009.5,Egreso,Ahorro,INGRESO6,202301
A011201,2023-01-20,inversion,ahorro_2,INGRESO9,105744.0,Ingreso,Ahorro,INGRESO9,202301
A011273,2023-01-30,inversion,ahorro_6,INGRESO7,-811.11,Egreso,Ahorro,INGRESO7,202301
A011305,2023-02-02,inversion,ahorro_7,INGRESO8,-248448.0,Egreso,Ahorro,INGRESO8,202302
A011343,2023-02-12,inversion,ahorro_3,INGRESO10,28194.0,Ingreso,Ahorro,INGRESO10,202302
A011372,2023-02-17,inversion,ahorro_4,INGRESO1,24669.0,Ingreso,Ahorro,INGRESO1,202302
A011411,2023-02-24,inversion,ahorro_5,INGRESO2,257319.0,Ingreso,Ahorro,INGRESO2,202302
A011412,2023-02-24,transaccion,monedero,INGRESO5,56394.0,Ingreso,Ingreso,INGRESO5,202302
A011444,2023-02-28,inversion,ahorro_8,INGRESO9,-12489.435,Egreso,Ahorro,INGRESO9,202302
A011561,2023-03-22,inversion,ahorro_6,INGRESO3,28194.0,Ingreso,Ahorro,INGRESO3,202303
A011575,2023-03-23,inversion,ahorro_9,INGRESO10,-14712.3,Egreso,Ahorro,INGRESO10,202303
A011592,2023-03-27,inversion,ahorro_7,INGRESO4,7044.0,Ingreso,Ahorro,INGRESO4,202303
A011609,2023-03-28,inversion,ahorro_10,INGRESO1,-119443.57500000001,Egreso,Ahorro,INGRESO1,202303
A011667,2023-04-07,inversion,ahorro_8,INGRESO5,14094.0,Ingreso,Ahorro,INGRESO5,202304
A011720,2023-04-17,transaccion,transaccion_16,INGRESO1,2834517.0,Ingreso,Ingreso,INGRESO1,202304
A011721,2023-04-17,inversion,ahorro_1,INGRESO2,-2834529.0,Egreso,Ahorro,INGRESO2,202304
A011775,2023-04-24,inversion,ahorro_9,INGRESO6,458244.0,Ingreso,Ahorro,INGRESO6,202304
A011799,2023-04-30,inversion,ahorro_10,INGRESO7,35244.0,Ingreso,Ahorro,INGRESO7,202304
A011810,2023-05-01,inversion,ahorro_1,INGRESO8,2010618.0450000002,Ingreso,Ahorro,INGRESO8,202305
A011873,2023-05-15,inversion,ahorro_2,INGRESO9,514644.0,Ingreso,Ahorro,INGRESO9,202305
A011889,2023-05-18,inversion,ahorro_3,INGRESO10,21144.0,Ingreso,Ahorro,INGRESO10,202305
A011929,2023-05-29,inversion,ahorro_2,INGRESO3,-142568.28,Egreso,Ahorro,INGRESO3,202305
A011964,2023-06-05,transaccion,monedero,INGRESO6,38769.0,Ingreso,Ingreso,INGRESO6,202306
A011987,2023-06-08,inversion,ahorro_3,INGRESO4,-31491.300000000003,Egreso,Ahorro,INGRESO4,202306
A012034,2023-06-16,inversion,ahorro_4,INGRESO5,-2513026.44,Egreso,Ahorro,INGRESO5,202306
A012055,2023-06-21,inversion,ahorro_4,INGRESO1,514644.0,Ingreso,Ahorro,INGRESO1,202306
A012130,2023-07-01,inversion,ahorro_5,INGRESO2,2058278.16,Ingreso,Ahorro,INGRESO2,202307
A012146,2023-07-03,inversion,ahorro_5,INGRESO6,-9664.5,Egreso,Ahorro,INGRESO6,202307
A012209,2023-07-11,inversion,ahorro_6,INGRESO3,28194.0,Ingreso,Ahorro,INGRESO3,202307
A012300,2023-07-21,inversion,ahorro_6,INGRESO7,-3278256.0,Egreso,Ahorro,INGRESO7,202307
A012316,2023-07-23,inversion,ahorro_7,INGRESO4,521694.0,Ingreso,Ahorro,INGRESO4,202307
A012337,2023-07-26,inversion,ahorro_7,INGRESO8,-13499.7,Egreso,Ahorro,INGRESO8,202307
A012339,2023-07-27,transaccion,monedero,INGRESO7,35244.0,Ingreso,Ingreso,INGRESO7,202307
A012349,2023-07-30,transaccion,transaccion: nombre_19,INGRESO9,142404.0,Ingreso,Ingreso,INGRESO9,202307
A012350,2023-07-31,inversion,ahorro_8,INGRESO5,2618600.175,Ingreso,Ahorro,INGRESO5,202307
A012397,2023-08-05,inversion,ahorro_8,INGRESO9,-211506.0,Egreso,Ahorro,INGRESO9,202308
A012417,2023-08-11,inversion,ahorro_9,INGRESO10,-17631.0,Egreso,Ahorro,INGRESO10,202308
A012477,2023-08-23,inversion,ahorro_9,INGRESO6,461769.0,Ingreso,Ahorro,INGRESO6,202308
A012495,2023-08-24,inversion,ahorro_10,INGRESO1,-3531.0,Egreso,Ahorro,INGRESO1,202308
A012508,2023-08-28,inversion,ahorro_1,INGRESO2,-359795.69999999995,Egreso,Ahorro,INGRESO2,202308
A012593,2023-09-17,inversion,inversion: nombre_4,INGRESO1,115261.50000000001,Ingreso,Trabajo,INGRESO1,202309
A012596,2023-09-20,inversion,ahorro_10,INGRESO7,387744.0,Ingreso,Ahorro,INGRESO7,202309
A012648,2023-09-27,inversion,ahorro_1,INGRESO8,24669.0,Ingreso,Ahorro,INGRESO8,202309
A012662,2023-09-28,transaccion,monedero,INGRESO8,35244.0,Ingreso,Ingreso,INGRESO8,202309
A012675,2023-09-29,inversion,ahorro_2,INGRESO3,-173202.645,Egreso,Ahorro,INGRESO3,202309
A012718,2023-10-04,actividad,actividad_6,INGRESO10,-1416.0,Egreso,Actividad Comercial,Actividad Economica,202310
A012719,2023-10-04,actividad,actividad_17,INGRESO3,-3531.0,Egreso,Actividad Comercial,Actividad Economica,202310
A012720,2023-10-04,actividad,actividad_13,INGRESO9,21144.0,Ingreso,Actividad Comercial,Actividad Economica,202310
A012725,2023-10-06,actividad,actividad_10,INGRESO2,-49074.0,Egreso,Actividad Comercial,Actividad Economica,202310
A012726,2023-10-06,actividad,actividad_14,INGRESO9,56394.0,Ingreso,Actividad Comercial,Actividad Economica,202310
A012746,2023-10-12,inversion,ahorro_3,INGRESO4,-211506.0,Egreso,Ahorro,INGRESO4,202310
A012794,2023-10-23,inversion,ahorro_2,INGRESO9,394794.0,Ingreso,Ahorro,INGRESO9,202310
A012795,2023-10-23,transaccion,monedero,INGRESO9,49344.0,Ingreso,Ingreso,INGRESO9,202310
A012816,2023-10-27,inversion,ahorro_4,INGRESO5,-4089006.0,Egreso,Ahorro,INGRESO5,202310
A012818,2023-10-28,actividad,actividad_10,INGRESO9,35244.0,Ingreso,Actividad Comercial,Actividad Economica,202310
A012819,2023-10-28,actividad,actividad: nombre_6,INGRESO4,-2050.5,Egreso,Actividad Comercial,Actividad Economica,202310
A012820,2023-10-28,actividad,actividad_7,INGRESO6,-1557.0,Egreso,Actividad Comercial,Actividad Economica,202310
A012821,2023-10-28,actividad,actividad: nombre_12,INGRESO5,3519.0,Ingreso,Actividad Comercial,Actividad Economica,202310
A012822,2023-10-28,actividad,actividad_20,INGRESO6,-6985.5,Egreso,Actividad Comercial,Actividad Economica,202310
A012837,2023-10-30,inversion,ahorro_3,INGRESO10,3618605.31,Ingreso,Ahorro,INGRESO10,202310
A012873,2023-11-07,actividad,actividad_9,INGRESO8,2073.75,Ingreso,Actividad Comercial,Actividad Economica,202311
A012903,2023-11-15,inversion,ahorro_4,INGRESO1,549894.0,Ingreso,Ahorro,INGRESO1,202311
A012959,2023-11-21,inversion,ahorro_5,INGRESO6,-352506.0,Egreso,Ahorro,INGRESO6,202311
A012981,2023-11-27,actividad,actividad_3,INGRESO3,7044.0,Ingreso,Actividad Comercial,Actividad Economica,202311
A012987,2023-11-29,inversion,ahorro_6,INGRESO7,-358078.32,Egreso,Ahorro,INGRESO7,202311
A012997,2023-11-30,inversion,ahorro_5,INGRESO2,225594.0,Ingreso,Ahorro,INGRESO2,202311
A013015,2023-12-04,inversion,ahorro_7,INGRESO8,-1311940.5,Egreso,Ahorro,INGRESO8,202312
A013018,2023-12-04,transaccion,transaccion: nombre_17,INGRESO10,14094.0,Ingreso,Ingreso,INGRESO10,202312
A013040,2023-12-07,inversion,ahorro_8,INGRESO9,-225606.0,Egreso,Ahorro,INGRESO9,202312
A013066,2023-12-16,inversion,ahorro_6,INGRESO3,56394.0,Ingreso,Ahorro,INGRESO3,202312
A013131,2023-12-29,inversion,ahorro_7,INGRESO4,1466409.51,Ingreso,Ahorro,INGRESO4,202312
A013165,2024-01-09,inversion,ahorro_9,INGRESO10,-493506.705,Egreso,Ahorro,INGRESO10,202401
A013311,2024-01-29,inversion,ahorro_8,INGRESO5,675656.8350000001,Ingreso,Ahorro,INGRESO5,202401
A013357,2024-02-05,inversion,ahorro_10,INGRESO1,-1377576.0,Egreso,Ahorro,INGRESO1,202402
A013358,2024-02-06,inversion,ahorro_9,INGRESO6,1374744.0,Ingreso,Ahorro,INGRESO6,202402
A013361,2024-02-07,inversion,ahorro_10,INGRESO7,35244.0,Ingreso,Ahorro,INGRESO7,202402
A013392,2024-02-12,inversion,ahorro_1,INGRESO8,16209.0,Ingreso,Ahorro,INGRESO8,202402
A013399,2024-02-16,transaccion,monedero,INGRESO10,49344.0,Ingreso,Ingreso,INGRESO10,202402
A013402,2024-02-16,inversion,ahorro_1,INGRESO2,-63456.0,Egreso,Ahorro,INGRESO2,202402
A013469,2024-02-29,inversion,ahorro_2,INGRESO9,32717.280000000002,Ingreso,Ahorro,INGRESO9,202402
A013499,2024-03-09,inversion,ahorro_3,INGRESO10,14094.0,Ingreso,Ahorro,INGRESO10,202403
A013582,2024-03-13,inversion,ahorro_4,INGRESO1,274944.0,Ingreso,Ahorro,INGRESO1,202403
A013604,2024-03-14,inversion,ahorro_2,INGRESO3,-282006.0,Egreso,Ahorro,INGRESO3,202403
A013637,2024-03-26,inversion,inversion: nombre_5,INGRESO2,6307.275,Ingreso,Trabajo,INGRESO2,202403
A013653,2024-03-27,transaccion,transaccion: nombre_12,INGRESO3,77544.0,Ingreso,Ingreso,INGRESO3,202403
A013725,2024-04-02,inversion,ahorro_3,INGRESO4,-954858.0,Egreso,Ahorro,INGRESO4,202404
A013737,2024-04-04,inversion,divisa_2,INGRESO8,-131277.00000000003,Egreso,Trabajo,INGRESO8,202404
A013738,2024-04-04,inversion,inversion: nombre_6,INGRESO3,-6319.275,Egreso,Trabajo,INGRESO3,202404
A013755,2024-04-07,inversion,ahorro_4,INGRESO5,-38781.0,Egreso,Ahorro,INGRESO5,202404
A013762,2024-04-08,inversion,divisa_3,INGRESO9,137578.275,Ingreso,Trabajo,INGRESO9,202404
A013770,2024-04-09,inversion,ahorro_5,INGRESO2,105744.0,Ingreso,Ahorro,INGRESO2,202404
A014021,2024-04-26,inversion,ahorro_5,INGRESO6,-2115006.0,Egreso,Ahorro,INGRESO6,202404
A014042,2024-04-29,inversion,ahorro_6,INGRESO3,2661137.055,Ingreso,Ahorro,INGRESO3,202404
A014047,2024-04-29,inversion,ahorro_6,INGRESO7,-105756.0,Egreso,Ahorro,INGRESO7,202404
A014076,2024-04-30,actividad,actividad_17,INGRESO2,-86439.0,Egreso,Actividad Comercial,Actividad Economica,202404
A014089,2024-05-03,inversion,ahorro_7,INGRESO4,741746.355,Ingreso,Ahorro,INGRESO4,202405
A014305,2024-05-09,transaccion,monedero,INGRESO1,56394.0,Ingreso,Ingreso,INGRESO1,202405
A014307,2024-05-10,actividad,actividad_18,INGRESO4,-5716.5,Egreso,Actividad Comercial,Actividad Economica,202405
A014308,2024-05-10,actividad,actividad_4,INGRESO8,28194.0,Ingreso,Actividad Comercial,Actividad Economica,202405
A014408,2024-05-29,deuda,deuda: nombre_6,INGRESO10,4511994.0,Ingreso,Otros,INGRESO10,202405
A014469,2024-06-11,actividad,actividad_3,INGRESO3,-3672.0,Egreso,Actividad Comercial,Actividad Economica,202406
A014492,2024-06-14,actividad,actividad_11,INGRESO8,38769.0,Ingreso,Actividad Comercial,Actividad Economica,202406
A014493,2024-06-14,actividad,actividad_14,INGRESO10,172719.0,Ingreso,Actividad Comercial,Actividad Economica,202406
A014496,2024-06-16,actividad,actividad_17,INGRESO8,-2118.18,Egreso,Actividad Comercial,Actividad Economica,202406
A014497,2024-06-16,actividad,actividad_15,INGRESO9,-505.84499999999997,Egreso,Actividad Comercial,Actividad Economica,202406
A014498,2024-06-16,actividad,actividad_18,INGRESO9,-309.15,Egreso,Actividad Comercial,Actividad Economica,202406
A014499,2024-06-16,actividad,actividad_9,INGRESO1,-978.1949999999999,Egreso,Actividad Comercial,Actividad Economica,202406
A014500,2024-06-16,actividad,actividad_16,INGRESO1,-2121.0,Egreso,Actividad Comercial,Actividad Economica,202406
A014501,2024-06-16,actividad,actividad_5,INGRESO7,-10299.0,Egreso,Actividad Comercial,Actividad Economica,202406
A014502,2024-06-16,actividad,actividad_15,INGRESO5,-1733.25,Egreso,Actividad Comercial,Actividad Economica,202406
A014503,2024-06-16,actividad,actividad_5,INGRESO9,-42306.0,Egreso,Actividad Comercial,Actividad Economica,202406
A014504,2024-06-16,actividad,actividad_20,INGRESO9,-14740.5,Egreso,Actividad Comercial,Actividad Economica,202406
A014505,2024-06-16,actividad,actividad_19,INGRESO8,-58944.0,Egreso,Actividad Comercial,Actividad Economica,202406
A014506,2024-06-16,actividad,actividad_13,INGRESO10,-5082.0,Egreso,Actividad Comercial,Actividad Economica,202406
A014508,2024-06-16,actividad,actividad_19,INGRESO5,-17631.0,Egreso,Actividad Comercial,Actividad Economica,202406
A014509,2024-06-16,actividad,actividad_17,INGRESO8,-1934.1750000000002,Egreso,Actividad Comercial,Actividad Economica,202406
A014511,2024-06-18,actividad,actividad_18,INGRESO2,-180627.0,Egreso,Actividad Comercial,Actividad Economica,202406
A014512,2024-06-18,actividad,actividad_15,INGRESO1,77191.5,Ingreso,Actividad Comercial,Actividad Economica,202406
A014515,2024-06-19,inversion,ahorro_7,INGRESO8,-183237.61500000002,Egreso,Ahorro,INGRESO8,202406
A014539,2024-06-23,actividad,actividad_4,INGRESO4,77544.0,Ingreso,Actividad Comercial,Actividad Economica,202406
A014576,2024-07-01,inversion,ahorro_8,INGRESO9,-25577.760000000002,Egreso,Ahorro,INGRESO9,202407
A014580,2024-07-02,actividad,actividad_2,INGRESO6,74019.0,Ingreso,Actividad Comercial,Actividad Economica,202407
A014582,2024-07-04,inversion,ahorro_8,INGRESO5,35198.175,Ingreso,Ahorro,INGRESO5,202407
A014584,2024-07-05,inversion,ahorro_9,INGRESO6,174376.4550000028,Ingreso,Ahorro,INGRESO6,202407
A014659,2024-07-30,transaccion,transaccion: nombre_14,INGRESO10,2814.0,Ingreso,Ingreso,INGRESO10,202407
A014803,2024-08-23,transaccion,monedero,INGRESO2,49344.0,Ingreso,Ingreso,INGRESO2,202408
A014892,2024-09-14,transaccion,transaccion: nombre_15,INGRESO1,114937.20000000001,Ingreso,Ingreso,INGRESO1,202409
A014902,2024-09-15,transaccion,transaccion: nombre_16,INGRESO2,2814.0,Ingreso,Ingreso,INGRESO2,202409
A014907,2024-09-16,transaccion,transaccion: nombre_20,INGRESO3,140994.0,Ingreso,Ingreso,INGRESO3,202409
A014938,2024-09-25,actividad,actividad_3,INGRESO7,28194.0,Ingreso,Actividad Comercial,Actividad Economica,202409
A014974,2024-10-05,transaccion,monedero,INGRESO3,14094.0,Ingreso,Ingreso,INGRESO3,202410
A015027,2024-10-20,transaccion,transaccion: nombre_1,INGRESO4,64.5,Ingreso,Ingreso,INGRESO4,202410
A015093,2024-11-13,transaccion,monedero,INGRESO4,14094.0,Ingreso,Ingreso,INGRESO4,202411
A015149,2024-11-25,inversion,ahorro_9,INGRESO10,-19041.0,Egreso,Ahorro,INGRESO10,202411
A015152,2024-11-26,actividad,actividad: nombre_7,INGRESO6,140994.0,Ingreso,Actividad Comercial,Actividad Economica,202411
A015181,2024-12-03,inversion,ahorro_10,INGRESO7,19029.0,Ingreso,Ahorro,INGRESO7,202412
A015228,2024-12-16,transaccion,monedero,INGRESO5,7044.0,Ingreso,Ingreso,INGRESO5,202412
A015330,2025-01-09,transaccion,monedero,INGRESO6,7044.0,Ingreso,Ingreso,INGRESO6,202501
A015409,2025-01-27,transaccion,monedero,INGRESO7,7044.0,Ingreso,Ingreso,INGRESO7,202501
A015450,2025-02-17,transaccion,monedero,INGRESO8,7044.0,Ingreso,Ingreso,INGRESO8,202502
A015479,2025-02-26,transaccion,monedero,INGRESO9,35244.0,Ingreso,Ingreso,INGRESO9,202502
A015498,2025-02-27,transaccion,transaccion_10,INGRESO1,1404.0,Ingreso,Ingreso,INGRESO1,202502
A015534,2025-03-13,transaccion,monedero,INGRESO10,7044.0,Ingreso,Ingreso,INGRESO10,202503
A015607,2025-03-31,transaccion,monedero,INGRESO1,7044.0,Ingreso,Ingreso,INGRESO1,202503
A015720,2025-04-21,transaccion,monedero,INGRESO2,7044.0,Ingreso,Ingreso,INGRESO2,202504
A015775,2025-05-15,transaccion,monedero,INGRESO3,7044.0,Ingreso,Ingreso,INGRESO3,202505
A015798,2025-05-24,transaccion,monedero,INGRESO4,7044.0,Ingreso,Ingreso,INGRESO4,202505
A015811,2025-05-25,actividad,actividad: nombre_6,INGRESO7,7044.0,Ingreso,Actividad Comercial,Actividad Economica,202505
A015847,2025-06-16,transaccion,monedero,INGRESO5,7044.0,Ingreso,Ingreso,INGRESO5,202506
A015956,2025-07-24,transaccion,monedero,INGRESO6,14094.0,Ingreso,Ingreso,INGRESO6,202507
A016041,2025-08-22,transaccion,monedero,INGRESO7,7044.0,Ingreso,Ingreso,INGRESO7,202508
A016122,2025-09-12,transaccion,monedero,INGRESO8,7044.0,Ingreso,Ingreso,INGRESO8,202509
A016178,2025-10-17,transaccion,monedero,INGRESO9,7044.0,Ingreso,Ingreso,INGRESO9,202510
A016212,2025-10-24,transaccion,monedero,INGRESO10,7044.0,Ingreso,Ingreso,INGRESO10,202510
A016276,2025-11-27,transaccion,monedero,INGRESO1,7044.0,Ingreso,Ingreso,INGRESO1,202511
A016296,2025-12-11,transaccion,monedero,INGRESO2,7044.0,Ingreso,Ingreso,INGRESO2,202512
